distancia_r,distancia_x,distancia_y,angulo
40.0,0.0,38.81799170841369,90.0
40.0,0.0,38.81799170841369,90.0
40.0,0.0,38.50494338818455,90.0
40.0,0.0,38.50494338818455,90.0
40.0,0.0,38.19189506795541,90.0
40.0,-0.3130483202291427,38.19189506795541,90.46962701968965
40.0,-0.3130483202291427,38.19189506795541,90.46962701968965
40.0,-0.3130483202291427,38.19189506795541,90.46962701968965
40.0,-0.6260966404582854,38.19189506795541,90.93919094573559
40.0,-0.6260966404582854,38.19189506795541,90.93919094573559
40.0,-0.6260966404582854,38.19189506795541,90.93919094573559
40.0,-1.2521932809165708,38.19189506795541,91.87787744728536
40.0,-1.2521932809165708,38.19189506795541,91.87787744728536
40.0,-1.2521932809165708,38.19189506795541,91.87787744728536
40.0,-1.5652416011457135,38.19189506795541,92.3468742924873
40.0,-1.5652416011457135,37.878846747726264,92.3662479914558
40.0,-1.5652416011457135,38.19189506795541,92.3468742924873
40.0,-1.5652416011457135,38.19189506795541,92.3468742924873
40.0,-1.5652416011457135,38.19189506795541,92.3468742924873
40.0,-1.5652416011457135,38.19189506795541,92.3468742924873
40.0,-1.878289921374856,38.19189506795541,92.81555668421123
40.0,-1.878289921374856,38.19189506795541,92.81555668421123
40.0,-1.5652416011457135,38.19189506795541,92.3468742924873
40.0,-1.5652416011457135,38.19189506795541,92.3468742924873
40.0,-1.2521932809165708,38.50494338818455,91.86262094930669
40.0,-1.2521932809165708,38.50494338818455,91.86262094930669
40.0,-1.2521932809165708,38.50494338818455,91.86262094930669
40.0,-1.2521932809165708,38.50494338818455,91.86262094930669
40.0,-1.2521932809165708,38.50494338818455,91.86262094930669
40.0,-1.2521932809165708,38.50494338818455,91.86262094930669
40.0,-0.939144960687428,38.50494338818455,91.39718102729638
40.0,-0.939144960687428,38.50494338818455,91.39718102729638
40.0,-0.939144960687428,38.50494338818455,91.39718102729638
40.0,-0.939144960687428,38.50494338818455,91.39718102729638
40.0,-0.939144960687428,38.50494338818455,91.39718102729638
40.0,-1.2521932809165708,38.50494338818455,91.86262094930669
40.0,-1.2521932809165708,38.50494338818455,91.86262094930669
40.0,-1.2521932809165708,38.50494338818455,91.86262094930669
40.0,-1.2521932809165708,38.50494338818455,91.86262094930669
40.0,-1.2521932809165708,38.50494338818455,91.86262094930669
40.0,-1.5652416011457135,38.50494338818455,92.32781508904117
40.0,-1.5652416011457135,38.19189506795541,92.3468742924873
40.0,-1.5652416011457135,38.19189506795541,92.3468742924873
40.0,-1.2521932809165708,38.50494338818455,91.86262094930669
40.0,-1.2521932809165708,38.50494338818455,91.86262094930669
40.0,-1.2521932809165708,38.50494338818455,91.86262094930669
40.0,-1.2521932809165708,38.50494338818455,91.86262094930669
40.0,-1.2521932809165708,38.50494338818455,91.86262094930669
40.0,-1.2521932809165708,38.19189506795541,91.87787744728536
40.0,-1.2521932809165708,38.19189506795541,91.87787744728536
40.0,-1.2521932809165708,38.19189506795541,91.87787744728536
40.0,-1.2521932809165708,38.19189506795541,91.87787744728536
40.0,-1.5652416011457135,38.19189506795541,92.3468742924873
40.0,-1.878289921374856,38.19189506795541,92.81555668421123
40.0,-1.878289921374856,38.19189506795541,92.81555668421123
40.0,-1.878289921374856,38.19189506795541,92.81555668421123
40.0,-1.878289921374856,38.50494338818455,92.79270236571328
40.0,-1.878289921374856,38.50494338818455,92.79270236571328
40.0,-1.878289921374856,38.50494338818455,92.79270236571328
40.0,-1.878289921374856,38.50494338818455,92.79270236571328
40.0,-1.878289921374856,38.50494338818455,92.79270236571328
40.0,-1.878289921374856,38.50494338818455,92.79270236571328
40.0,-1.878289921374856,38.50494338818455,92.79270236571328
40.0,-1.878289921374856,38.50494338818455,92.79270236571328
40.0,-1.878289921374856,38.50494338818455,92.79270236571328
40.0,-1.878289921374856,38.81799170841369,92.7702157972002
40.0,-1.878289921374856,38.81799170841369,92.7702157972002
40.0,-2.191338241603999,38.81799170841369,93.23100990036822
40.0,-2.191338241603999,38.81799170841369,93.23100990036822
40.0,-2.191338241603999,38.81799170841369,93.23100990036822
40.0,-2.191338241603999,38.81799170841369,93.23100990036822
40.0,-2.191338241603999,38.81799170841369,93.23100990036822
40.0,-2.191338241603999,38.81799170841369,93.23100990036822
40.0,-1.878289921374856,38.81799170841369,92.7702157972002
40.0,-1.878289921374856,38.81799170841369,92.7702157972002
40.0,-1.878289921374856,38.81799170841369,92.7702157972002
40.0,-1.878289921374856,38.81799170841369,92.7702157972002
40.0,-1.878289921374856,38.81799170841369,92.7702157972002
40.0,-1.878289921374856,38.81799170841369,92.7702157972002
40.0,-1.878289921374856,38.81799170841369,92.7702157972002
40.0,-1.878289921374856,38.81799170841369,92.7702157972002
40.0,-1.878289921374856,38.81799170841369,92.7702157972002
40.0,-1.878289921374856,38.50494338818455,92.79270236571328
40.0,-2.191338241603999,38.50494338818455,93.25722194066697
40.0,-2.191338241603999,38.50494338818455,93.25722194066697
40.0,-1.878289921374856,38.50494338818455,92.79270236571328
40.0,-1.878289921374856,38.50494338818455,92.79270236571328
40.0,-1.878289921374856,38.50494338818455,92.79270236571328
40.0,-1.878289921374856,38.50494338818455,92.79270236571328
40.0,-1.5652416011457135,38.50494338818455,92.32781508904117
40.0,-1.5652416011457135,38.50494338818455,92.32781508904117
40.0,-1.2521932809165708,38.50494338818455,91.86262094930669
40.0,-1.2521932809165708,38.50494338818455,91.86262094930669
40.0,-1.2521932809165708,38.50494338818455,91.86262094930669
40.0,-0.939144960687428,38.50494338818455,91.39718102729638
40.0,-0.939144960687428,38.50494338818455,91.39718102729638
40.0,-1.2521932809165708,38.50494338818455,91.86262094930669
40.0,-1.2521932809165708,38.50494338818455,91.86262094930669
40.0,-1.2521932809165708,38.50494338818455,91.86262094930669
40.0,-1.2521932809165708,38.50494338818455,91.86262094930669
40.0,-0.939144960687428,38.81799170841369,91.38591785081219
40.0,-0.939144960687428,38.81799170841369,91.38591785081219
40.0,-0.939144960687428,38.81799170841369,91.38591785081219
40.0,-0.939144960687428,38.81799170841369,91.38591785081219
40.0,-0.939144960687428,38.81799170841369,91.38591785081219
40.0,-1.2521932809165708,38.81799170841369,91.8476102659946
40.0,-0.939144960687428,39.131040028642836,91.37483478056942
40.0,-0.939144960687428,39.131040028642836,91.37483478056942
40.0,-0.939144960687428,39.131040028642836,91.37483478056942
40.0,-0.3130483202291427,39.131040028642836,90.45835645800044
40.0,0.3130483202291427,39.44408834887198,89.54528113830686
40.0,0.939144960687428,39.44408834887198,88.63607246839707
40.0,1.5652416011457135,39.75713666910112,87.74542503406498
40.0,2.191338241603999,39.75713666910112,86.84515713520803
40.0,3.130483202291427,40.070184989330265,85.53284093861072
40.0,3.756579842749712,40.070184989330265,84.64417495714481
40.0,4.382676483207998,40.070184989330265,83.75808565258495
40.0,5.321821443895426,39.75713666910112,82.37580749554817
40.0,6.260966404582854,39.75713666910112,81.05054191579113
40.0,7.513159685499424,39.44408834887198,79.2157021324374
40.0,9.078401286645137,39.44408834887198,77.038598149008
40.0,10.643642887790852,39.44408834887198,74.89890183861456
40.0,12.208884488936565,38.81799170841369,72.54079736437279
40.0,14.087174410311421,38.81799170841369,70.05400213839907
40.0,16.27851265191542,38.50494338818455,67.08309738155327
40.0,18.156802573290275,38.19189506795541,64.5731258304102
40.0,19.72204417443599,37.56579842749712,62.300527191945
40.0,20.97423745535256,36.939701787038835,60.41223653458138
40.0,21.91338241603999,36.62665346680969,59.10831359282586
40.0,22.852527376727416,36.00055682635141,57.59332995610312
40.0,23.4786240171857,35.37446018589313,56.42710159394514
40.0,23.791672337414845,34.74836354543484,55.60115486365211
40.0,24.104720657643988,34.74836354543484,55.25119875081743
40.0,24.730817298102274,34.122266904976556,54.06650273981618
40.0,25.043865618331417,33.49617026451827,53.2158744151031
40.0,25.35691393856056,33.18312194428913,52.61471194203102
40.0,25.669962258789703,32.870073624059984,52.01185827447511
40.0,26.296058899247985,32.2439769836017,50.801586887647005
40.0,26.296058899247985,31.617880343143412,50.25027272973305
40.0,26.92215553970627,31.30483202291427,49.30446896050799
40.0,27.235203859935414,30.678735382455983,48.402769771061756
40.0,27.548252180164557,30.678735382455983,48.07745539942438
40.0,27.8613005003937,30.36568706222684,47.46281667591685
40.0,28.174348820622843,30.052638741997697,46.84761026599459
40.0,28.80044546108113,29.739590421768558,45.91910478371424
40.0,29.11349378131027,29.426542101539415,45.30639162227071
40.0,29.426542101539415,29.426542101539415,45.0
40.0,29.739590421768558,29.11349378131027,44.390493423324806
40.0,30.36568706222684,28.80044546108113,43.484592099977874
40.0,30.36568706222684,28.487397140851986,43.172031755694995
40.0,30.678735382455983,28.174348820622843,42.56335175318987
40.0,30.991783702685126,27.8613005003937,41.95522155580601
40.0,31.30483202291427,27.548252180164557,41.34777721969367
40.0,31.30483202291427,26.92215553970627,40.69553103949202
40.0,31.617880343143412,26.609107219477128,40.083433993989985
40.0,31.930928663372555,26.296058899247985,39.472459848343824
40.0,32.2439769836017,25.983010579018845,38.862744050738016
40.0,32.2439769836017,25.669962258789703,38.52387546164881
40.0,32.55702530383084,25.35691393856056,37.91310458992633
40.0,33.18312194428913,25.35691393856056,37.38528805796898
40.0,33.49617026451827,25.043865618331417,36.7841255848969
40.0,33.80921858474741,24.41776897787313,35.83765295427829
40.0,34.122266904976556,24.104720657643988,35.23822522495775
40.0,34.4353152252057,24.104720657643988,34.99202019855866
40.0,35.061411865663985,24.104720657643988,34.5085229876684
40.0,35.37446018589313,23.791672337414845,33.92345026583169
40.0,35.68750850612227,23.791672337414845,33.690067525979785
40.0,36.31360514658055,23.791672337414845,33.23171106797936
40.0,36.31360514658055,23.4786240171857,32.88475819754213
40.0,36.62665346680969,23.16557569695656,32.31247862613002
40.0,36.62665346680969,22.852527376727416,31.96134341697703
40.0,36.62665346680969,22.539479056498273,31.607502246248906
40.0,36.62665346680969,21.91338241603999,30.891686407174138
40.0,36.939701787038835,21.287285775581704,29.953608167801498
40.0,37.25275010726798,20.66118913512342,29.013707760902406
40.0,37.25275010726798,20.348140814894276,28.644182898982756
40.0,37.25275010726798,19.72204417443599,27.89727103094763
40.0,37.25275010726798,19.095947533977704,27.139905929320943
40.0,37.56579842749712,18.469850893519418,26.18180753144324
40.0,37.878846747726264,17.843754253061135,25.223923397360803
40.0,37.878846747726264,17.21765761260285,24.44395478041654
40.0,38.19189506795541,16.591560972144563,23.48139068260769
40.0,38.50494338818455,16.27851265191542,22.916902618446723
40.0,38.50494338818455,15.965464331686277,22.520565602896887
40.0,38.19189506795541,15.652416011457134,22.285587646832763
40.0,38.19189506795541,15.339367691227991,21.88233567478721
40.0,38.19189506795541,15.339367691227991,21.88233567478721
40.0,38.19189506795541,15.339367691227991,21.88233567478721
40.0,38.19189506795541,15.339367691227991,21.88233567478721
40.0,37.878846747726264,15.339367691227991,22.04591346237152
40.0,37.878846747726264,15.339367691227991,22.04591346237152
40.0,37.878846747726264,15.339367691227991,22.04591346237152
40.0,37.878846747726264,15.339367691227991,22.04591346237152
40.0,37.878846747726264,15.339367691227991,22.04591346237152
40.0,38.19189506795541,15.339367691227991,21.88233567478721
40.0,38.19189506795541,15.339367691227991,21.88233567478721
40.0,38.19189506795541,15.652416011457134,22.285587646832763
40.0,38.19189506795541,15.652416011457134,22.285587646832763
40.0,38.19189506795541,15.652416011457134,22.285587646832763
40.0,38.19189506795541,15.339367691227991,21.88233567478721
40.0,38.50494338818455,15.339367691227991,21.721050801997308
40.0,38.50494338818455,15.026319370998849,21.317912275461552
40.0,38.50494338818455,15.026319370998849,21.317912275461552
40.0,38.50494338818455,14.713271050769707,20.91254769136771
40.0,38.50494338818455,14.400222730540564,20.50497947596311
40.0,38.50494338818455,14.087174410311421,20.095231191904816
40.0,38.50494338818455,14.087174410311421,20.095231191904816
40.0,38.50494338818455,13.774126090082278,19.683327546441042
40.0,38.50494338818455,13.774126090082278,19.683327546441042
40.0,38.50494338818455,13.461077769853135,19.269294398468805
40.0,38.50494338818455,13.461077769853135,19.269294398468805
40.0,38.19189506795541,13.461077769853135,19.415465455963
40.0,37.878846747726264,13.461077769853135,19.56378361958265
40.0,37.878846747726264,13.774126090082278,19.98310652189998
40.0,37.56579842749712,13.774126090082278,20.136303428248137
40.0,37.56579842749712,13.774126090082278,20.136303428248137
40.0,37.878846747726264,14.087174410311421,20.400209394842538
40.0,37.878846747726264,14.400222730540564,20.815065966367314
40.0,37.878846747726264,15.026319370998849,21.637941229428975
40.0,38.19189506795541,15.339367691227991,21.88233567478721
40.0,38.19189506795541,15.965464331686277,22.686526674230286
40.0,38.19189506795541,16.591560972144563,23.48139068260769
40.0,38.19189506795541,17.21765761260285,24.266788432533176
40.0,38.19189506795541,17.530705932831992,24.655898744081618
40.0,38.19189506795541,18.156802573290275,25.426874169589805
40.0,38.19189506795541,18.78289921374856,26.188110697480855
40.0,38.19189506795541,19.408995854206847,26.939528063800815
40.0,37.878846747726264,20.035092494665133,27.87551038652749
40.0,37.56579842749712,20.66118913512342,28.810793742973065
40.0,37.56579842749712,21.287285775581704,29.538782259558104
40.0,36.939701787038835,21.91338241603999,30.677280021796452
40.0,36.62665346680969,22.539479056498273,31.607502246248906
40.0,36.31360514658055,23.16557569695656,32.53506715793501
40.0,35.37446018589313,23.4786240171857,33.57289840605487
40.0,35.061411865663985,23.791672337414845,34.15969454566943
40.0,34.74836354543484,24.41776897787313,35.095816787026116
40.0,34.4353152252057,24.41776897787313,35.34010692155767
40.0,34.4353152252057,24.730817298102274,35.68522024571024
40.0,34.122266904976556,25.043865618331417,36.27661935831702
40.0,34.122266904976556,25.35691393856056,36.61675151907065
40.0,33.80921858474741,25.669962258789703,37.20792192178156
40.0,33.49617026451827,25.983010579018845,37.80076636163236
40.0,33.18312194428913,26.609107219477128,38.7256654429182
40.0,32.870073624059984,26.92215553970627,39.31910918203405
40.0,32.2439769836017,27.548252180164557,40.50954807888367
40.0,31.930928663372555,27.8613005003937,41.10629244490286
40.0,31.30483202291427,28.487397140851986,42.3021943666837
40.0,31.30483202291427,29.426542101539415,43.22853025996593
40.0,30.678735382455983,29.739590421768558,44.109463746639435
40.0,29.739590421768558,30.678735382455983,45.89053625336057
40.0,29.11349378131027,31.30483202291427,47.077174765162816
40.0,28.174348820622843,31.930928663372555,48.57633437499735
40.0,27.235203859935414,32.55702530383084,50.086221709634636
40.0,26.609107219477128,33.18312194428913,51.27433455708181
40.0,25.669962258789703,33.80921858474741,52.79207807821844
40.0,25.669962258789703,34.122266904976556,53.0460910074524
40.0,25.043865618331417,34.4353152252057,53.9726266148964
40.0,24.41776897787313,35.061411865663985,55.14554443389634
40.0,23.791672337414845,35.37446018589313,56.07654973416831
40.0,23.4786240171857,35.37446018589313,56.42710159394514
40.0,23.16557569695656,35.68750850612227,57.01147838636545
40.0,22.539479056498273,35.68750850612227,57.724355685422374
40.0,22.22643073626913,36.00055682635141,58.30917869540049
40.0,21.287285775581704,36.31360514658055,59.62087398863166
40.0,20.035092494665133,36.62665346680969,61.320963730619354
40.0,18.469850893519418,37.25275010726798,63.627863176455044
40.0,17.21765761260285,37.56579842749712,65.37643521383639
40.0,15.652416011457134,38.19189506795541,67.71441235316725
40.0,14.713271050769707,38.50494338818455,69.0874523086323
40.0,13.461077769853135,38.50494338818455,70.7307056015312
40.0,12.521932809165708,39.131040028642836,72.25532837494306
40.0,11.269739528249136,39.44408834887198,74.05460409907715
40.0,10.33059456756171,39.75713666910112,75.43423575344342
40.0,9.078401286645137,39.75713666910112,77.1372489810418
40.0,7.826208005728567,40.070184989330265,78.94854297333457
40.0,6.574014724811996,40.070184989330265,80.68291393087378
40.0,5.634869764124568,40.070184989330265,81.99527114270714
40.0,5.008773123666283,40.070184989330265,82.8749836510982
40.0,4.382676483207998,40.070184989330265,83.75808565258495
40.0,3.756579842749712,40.38323330955941,84.68545433005525
40.0,3.756579842749712,40.38323330955941,84.68545433005525
40.0,3.130483202291427,40.38323330955941,85.56733153131015
40.0,2.817434882062284,40.38323330955941,86.00908690157023
40.0,2.191338241603999,40.38323330955941,86.89397290438357
40.0,1.5652416011457135,40.38323330955941,87.78034444680212
40.0,1.2521932809165708,40.38323330955941,88.22395574664127
40.0,0.6260966404582854,40.38323330955941,89.11176450476023
40.0,0.0,40.070184989330265,90.0
40.0,-0.3130483202291427,40.070184989330265,90.44761417086056
40.0,-0.6260966404582854,40.070184989330265,90.89517371021107
40.0,-1.2521932809165708,40.070184989330265,91.78991060824607
40.0,-1.878289921374856,40.070184989330265,92.683775159469
40.0,-2.191338241603999,40.070184989330265,93.1302448622191
40.0,-2.191338241603999,40.070184989330265,93.1302448622191
40.0,-2.817434882062284,40.070184989330265,94.02199017702011
40.0,-3.130483202291427,40.070184989330265,94.46715906138927
40.0,-3.130483202291427,40.070184989330265,94.46715906138927
40.0,-3.4435315225205696,40.070184989330265,94.911788172506
40.0,-3.756579842749712,40.070184989330265,95.35582504285519
40.0,-4.069628162978855,40.070184989330265,95.79921762909841
40.0,-4.069628162978855,40.38323330955941,95.7545653311022
40.0,-4.382676483207998,40.69628162978855,96.14662565964667
40.0,-4.382676483207998,40.38323330955941,96.19390496715098
40.0,-4.382676483207998,40.38323330955941,96.19390496715098
40.0,-4.69572480343714,40.38323330955941,96.63251461513848
40.0,-4.69572480343714,40.38323330955941,96.63251461513848
40.0,-4.69572480343714,40.070184989330265,96.68386410803411
40.0,-4.69572480343714,40.070184989330265,96.68386410803411
40.0,-4.69572480343714,40.070184989330265,96.68386410803411
40.0,-4.69572480343714,40.38323330955941,96.63251461513848
40.0,-4.69572480343714,40.38323330955941,96.63251461513848
40.0,-5.008773123666283,39.75713666910112,97.18053549772016
40.0,-5.008773123666283,39.75713666910112,97.18053549772016
40.0,-5.008773123666283,39.75713666910112,97.18053549772016
40.0,-5.008773123666283,39.75713666910112,97.18053549772016
40.0,-5.008773123666283,39.75713666910112,97.18053549772016
40.0,-5.008773123666283,39.75713666910112,97.18053549772016
40.0,-5.008773123666283,39.75713666910112,97.18053549772016
40.0,-5.008773123666283,39.75713666910112,97.18053549772016
40.0,-5.008773123666283,39.75713666910112,97.18053549772016
40.0,-5.008773123666283,39.75713666910112,97.18053549772016
40.0,-5.008773123666283,39.131040028642836,97.29419630854086
40.0,-5.008773123666283,39.131040028642836,97.29419630854086
40.0,-5.008773123666283,39.131040028642836,97.29419630854086
40.0,-5.008773123666283,39.131040028642836,97.29419630854086
40.0,-5.008773123666283,39.131040028642836,97.29419630854086
40.0,-5.008773123666283,39.131040028642836,97.29419630854086
40.0,-5.008773123666283,39.131040028642836,97.29419630854086
40.0,-5.008773123666283,39.131040028642836,97.29419630854086
40.0,-5.008773123666283,39.131040028642836,97.29419630854086
40.0,-5.008773123666283,39.131040028642836,97.29419630854086
40.0,-5.008773123666283,39.131040028642836,97.29419630854086
40.0,-4.69572480343714,39.131040028642836,96.84277341263095
40.0,-4.69572480343714,39.131040028642836,96.84277341263095
40.0,-4.69572480343714,39.131040028642836,96.84277341263095
40.0,-4.69572480343714,39.131040028642836,96.84277341263095
40.0,-4.69572480343714,39.131040028642836,96.84277341263095
40.0,-4.69572480343714,39.131040028642836,96.84277341263095
40.0,-4.69572480343714,38.81799170841369,96.89742755775174
40.0,-4.69572480343714,38.81799170841369,96.89742755775174
40.0,-4.69572480343714,39.131040028642836,96.84277341263095
40.0,-4.69572480343714,39.131040028642836,96.84277341263095
40.0,-4.69572480343714,39.131040028642836,96.84277341263095
40.0,-4.69572480343714,39.131040028642836,96.84277341263095
40.0,-4.382676483207998,39.131040028642836,96.39049531464698
40.0,-4.382676483207998,39.131040028642836,96.39049531464698
40.0,-4.382676483207998,39.131040028642836,96.39049531464698
40.0,-4.382676483207998,39.131040028642836,96.39049531464698
40.0,-4.069628162978855,39.131040028642836,95.93741609948151
40.0,-4.069628162978855,39.131040028642836,95.93741609948151
40.0,-4.069628162978855,39.131040028642836,95.93741609948151
40.0,-4.069628162978855,39.131040028642836,95.93741609948151
40.0,-3.756579842749712,39.131040028642836,95.48359044446444
40.0,-3.756579842749712,39.131040028642836,95.48359044446444
40.0,-4.069628162978855,39.131040028642836,95.93741609948151
40.0,-4.069628162978855,39.131040028642836,95.93741609948151
40.0,-4.069628162978855,39.131040028642836,95.93741609948151
40.0,-4.069628162978855,38.81799170841369,95.98495231511541
40.0,-4.069628162978855,39.131040028642836,95.93741609948151
40.0,-4.069628162978855,39.131040028642836,95.93741609948151
40.0,-4.069628162978855,39.131040028642836,95.93741609948151
40.0,-4.382676483207998,39.131040028642836,96.39049531464698
40.0,-4.069628162978855,39.131040028642836,95.93741609948151
40.0,-4.069628162978855,39.131040028642836,95.93741609948151
40.0,-4.069628162978855,39.131040028642836,95.93741609948151
40.0,-4.069628162978855,39.131040028642836,95.93741609948151
40.0,-4.069628162978855,39.131040028642836,95.93741609948151
40.0,-4.069628162978855,38.81799170841369,95.98495231511541
40.0,-4.382676483207998,38.81799170841369,96.44160009933505
40.0,-4.382676483207998,38.81799170841369,96.44160009933505
40.0,-4.382676483207998,38.81799170841369,96.44160009933505
40.0,-4.382676483207998,38.81799170841369,96.44160009933505
40.0,-4.069628162978855,38.81799170841369,95.98495231511541
40.0,-4.069628162978855,38.81799170841369,95.98495231511541
40.0,-3.756579842749712,38.81799170841369,95.52754015165618
40.0,-3.756579842749712,38.81799170841369,95.52754015165618
40.0,-3.4435315225205696,38.81799170841369,95.0694201326125
40.0,-3.756579842749712,38.81799170841369,95.52754015165618
40.0,-3.756579842749712,38.81799170841369,95.52754015165618
40.0,-3.756579842749712,38.81799170841369,95.52754015165618
40.0,-4.069628162978855,38.81799170841369,95.98495231511541
40.0,-4.069628162978855,38.81799170841369,95.98495231511541
40.0,-4.069628162978855,38.81799170841369,95.98495231511541
40.0,-4.069628162978855,38.81799170841369,95.98495231511541
40.0,-3.756579842749712,38.81799170841369,95.52754015165618
40.0,-3.756579842749712,38.81799170841369,95.52754015165618
40.0,-3.756579842749712,38.81799170841369,95.52754015165618
40.0,-3.756579842749712,38.81799170841369,95.52754015165618
40.0,-3.756579842749712,38.50494338818455,95.5721978039638
40.0,-3.756579842749712,38.50494338818455,95.5721978039638
40.0,-3.756579842749712,38.50494338818455,95.5721978039638
40.0,-3.756579842749712,38.19189506795541,95.61758059012683
40.0,-3.756579842749712,38.19189506795541,95.61758059012683
40.0,-3.756579842749712,38.19189506795541,95.61758059012683
40.0,-3.756579842749712,38.19189506795541,95.61758059012683
40.0,-3.756579842749712,38.19189506795541,95.61758059012683
40.0,-3.756579842749712,38.19189506795541,95.61758059012683
40.0,-3.756579842749712,38.19189506795541,95.61758059012683
40.0,-3.756579842749712,38.19189506795541,95.61758059012683
40.0,-3.756579842749712,38.19189506795541,95.61758059012683
40.0,-3.756579842749712,38.19189506795541,95.61758059012683
40.0,-3.756579842749712,38.19189506795541,95.61758059012683
40.0,-3.4435315225205696,38.19189506795541,95.15208170220623
40.0,-3.4435315225205696,38.19189506795541,95.15208170220623
40.0,-3.4435315225205696,38.19189506795541,95.15208170220623
40.0,-3.4435315225205696,38.19189506795541,95.15208170220623
40.0,-3.4435315225205696,38.19189506795541,95.15208170220623
40.0,-3.4435315225205696,38.19189506795541,95.15208170220623
40.0,-3.4435315225205696,38.19189506795541,95.15208170220623
40.0,-3.4435315225205696,38.19189506795541,95.15208170220623
40.0,-3.4435315225205696,37.878846747726264,95.1944289077348
40.0,-3.4435315225205696,37.878846747726264,95.1944289077348
40.0,-3.4435315225205696,37.878846747726264,95.1944289077348
40.0,-3.4435315225205696,37.878846747726264,95.1944289077348
40.0,-3.4435315225205696,37.878846747726264,95.1944289077348
40.0,-3.4435315225205696,37.878846747726264,95.1944289077348
40.0,-3.4435315225205696,37.878846747726264,95.1944289077348
40.0,-3.4435315225205696,37.878846747726264,95.1944289077348
40.0,-3.4435315225205696,37.878846747726264,95.1944289077348
40.0,-3.4435315225205696,37.878846747726264,95.1944289077348
40.0,-3.4435315225205696,37.878846747726264,95.1944289077348
40.0,-3.756579842749712,38.19189506795541,95.61758059012683
40.0,-4.069628162978855,37.878846747726264,96.13222249767931
40.0,-4.382676483207998,37.878846747726264,96.59991698191388
40.0,-4.382676483207998,37.878846747726264,96.59991698191388
40.0,-4.69572480343714,38.19189506795541,97.00938425662125
40.0,-4.382676483207998,38.19189506795541,96.54629078329404
40.0,-4.382676483207998,38.19189506795541,96.54629078329404
40.0,-4.382676483207998,38.19189506795541,96.54629078329404
40.0,-4.069628162978855,38.50494338818455,96.03325300620071
40.0,-4.069628162978855,38.50494338818455,96.03325300620071
40.0,-4.069628162978855,38.50494338818455,96.03325300620071
40.0,-3.756579842749712,38.50494338818455,95.5721978039638
40.0,-3.756579842749712,38.50494338818455,95.5721978039638
40.0,-3.756579842749712,38.19189506795541,95.61758059012683
40.0,-3.756579842749712,38.19189506795541,95.61758059012683
40.0,-3.756579842749712,38.19189506795541,95.61758059012683
40.0,-3.756579842749712,38.19189506795541,95.61758059012683
40.0,-3.756579842749712,38.19189506795541,95.61758059012683
40.0,-3.756579842749712,38.19189506795541,95.61758059012683
40.0,-3.756579842749712,38.19189506795541,95.61758059012683
40.0,-3.756579842749712,38.19189506795541,95.61758059012683
40.0,-3.756579842749712,38.19189506795541,95.61758059012683
40.0,-3.756579842749712,38.19189506795541,95.61758059012683
40.0,-3.756579842749712,38.19189506795541,95.61758059012683
40.0,-3.756579842749712,38.19189506795541,95.61758059012683
40.0,-3.4435315225205696,38.19189506795541,95.15208170220623
40.0,-3.4435315225205696,38.19189506795541,95.15208170220623
40.0,-3.4435315225205696,38.19189506795541,95.15208170220623
40.0,-3.4435315225205696,38.19189506795541,95.15208170220623
40.0,-3.4435315225205696,38.50494338818455,95.11041756103123
40.0,-3.4435315225205696,38.50494338818455,95.11041756103123
40.0,-3.4435315225205696,38.50494338818455,95.11041756103123
40.0,-3.4435315225205696,38.50494338818455,95.11041756103123
40.0,-3.4435315225205696,38.50494338818455,95.11041756103123
40.0,-3.4435315225205696,38.50494338818455,95.11041756103123
40.0,-3.4435315225205696,38.50494338818455,95.11041756103123
40.0,-3.4435315225205696,38.50494338818455,95.11041756103123
40.0,-3.4435315225205696,38.50494338818455,95.11041756103123
40.0,-3.4435315225205696,38.50494338818455,95.11041756103123
40.0,-3.4435315225205696,38.50494338818455,95.11041756103123
40.0,-3.4435315225205696,38.50494338818455,95.11041756103123
40.0,-3.4435315225205696,38.50494338818455,95.11041756103123
40.0,-3.4435315225205696,38.50494338818455,95.11041756103123
40.0,-3.4435315225205696,38.50494338818455,95.11041756103123
40.0,-3.4435315225205696,38.50494338818455,95.11041756103123
40.0,-3.4435315225205696,38.50494338818455,95.11041756103123
40.0,-3.4435315225205696,38.50494338818455,95.11041756103123
40.0,-3.4435315225205696,38.50494338818455,95.11041756103123
40.0,-3.4435315225205696,38.50494338818455,95.11041756103123
40.0,-3.4435315225205696,38.50494338818455,95.11041756103123
40.0,-3.4435315225205696,38.50494338818455,95.11041756103123
40.0,-3.4435315225205696,38.50494338818455,95.11041756103123
40.0,-3.4435315225205696,38.50494338818455,95.11041756103123
40.0,-3.756579842749712,38.50494338818455,95.5721978039638
40.0,-3.756579842749712,38.50494338818455,95.5721978039638
40.0,-3.756579842749712,38.81799170841369,95.52754015165618
40.0,-3.756579842749712,38.81799170841369,95.52754015165618
40.0,-3.756579842749712,38.50494338818455,95.5721978039638
40.0,-3.756579842749712,38.19189506795541,95.61758059012683
40.0,-3.756579842749712,38.19189506795541,95.61758059012683
40.0,-3.756579842749712,38.19189506795541,95.61758059012683
40.0,-3.756579842749712,38.19189506795541,95.61758059012683
40.0,-3.756579842749712,38.19189506795541,95.61758059012683
40.0,-3.4435315225205696,38.19189506795541,95.15208170220623
40.0,-3.130483202291427,38.19189506795541,94.68589983950271
40.0,-2.5043865618331416,37.878846747726264,93.7826454465963
40.0,-1.878289921374856,37.878846747726264,92.83878784100538
40.0,-1.2521932809165708,37.878846747726264,91.89338584574628
40.0,-0.939144960687428,37.56579842749712,91.43209618416465
40.0,-1.2521932809165708,37.56579842749712,91.90915243299638
40.0,-1.878289921374856,37.878846747726264,92.83878784100538
40.0,-2.5043865618331416,37.878846747726264,93.7826454465963
40.0,-3.130483202291427,37.878846747726264,94.72445169717088
40.0,-3.4435315225205696,37.878846747726264,95.1944289077348
40.0,-3.4435315225205696,37.878846747726264,95.1944289077348
40.0,-3.4435315225205696,38.19189506795541,95.15208170220623
40.0,-3.4435315225205696,38.19189506795541,95.15208170220623
40.0,-3.4435315225205696,38.19189506795541,95.15208170220623
40.0,-3.4435315225205696,38.19189506795541,95.15208170220623
40.0,-4.069628162978855,38.50494338818455,96.03325300620071
40.0,-4.069628162978855,38.50494338818455,96.03325300620071
40.0,-4.069628162978855,38.50494338818455,96.03325300620071
40.0,-4.069628162978855,38.50494338818455,96.03325300620071
40.0,-4.069628162978855,38.50494338818455,96.03325300620071
40.0,-4.069628162978855,38.50494338818455,96.03325300620071
40.0,-4.069628162978855,38.50494338818455,96.03325300620071
40.0,-4.069628162978855,38.19189506795541,96.08233669328206
40.0,-4.069628162978855,38.19189506795541,96.08233669328206
40.0,-4.069628162978855,38.19189506795541,96.08233669328206
40.0,-4.069628162978855,38.19189506795541,96.08233669328206
40.0,-4.069628162978855,38.19189506795541,96.08233669328206
40.0,-4.382676483207998,38.19189506795541,96.54629078329404
40.0,-4.382676483207998,38.19189506795541,96.54629078329404
40.0,-4.69572480343714,37.878846747726264,97.06672971640108
40.0,-4.69572480343714,37.878846747726264,97.06672971640108
40.0,-4.69572480343714,37.878846747726264,97.06672971640108
40.0,-4.69572480343714,37.878846747726264,97.06672971640108
40.0,-4.69572480343714,37.56579842749712,97.1250163489018
40.0,-4.69572480343714,37.878846747726264,97.06672971640108
40.0,-4.382676483207998,37.878846747726264,96.59991698191388
40.0,-4.382676483207998,38.19189506795541,96.54629078329404
40.0,-4.69572480343714,38.19189506795541,97.00938425662125
40.0,-4.69572480343714,38.50494338818455,96.95295746817392
40.0,-5.008773123666283,38.50494338818455,97.41149285917888
40.0,-5.321821443895426,38.50494338818455,97.86907555179052
40.0,-5.321821443895426,38.81799170841369,97.80640082923576
40.0,-5.321821443895426,38.50494338818455,97.86907555179052
40.0,-5.321821443895426,38.50494338818455,97.86907555179052
40.0,-5.008773123666283,38.50494338818455,97.41149285917888
40.0,-5.008773123666283,38.81799170841369,97.35237935989237
40.0,-5.008773123666283,38.81799170841369,97.35237935989237
40.0,-4.69572480343714,38.81799170841369,96.89742755775174
40.0,-4.69572480343714,38.81799170841369,96.89742755775174
40.0,-4.69572480343714,38.81799170841369,96.89742755775174
40.0,-4.69572480343714,38.81799170841369,96.89742755775174
40.0,-4.69572480343714,38.81799170841369,96.89742755775174
40.0,-4.69572480343714,38.81799170841369,96.89742755775174
40.0,-4.69572480343714,38.81799170841369,96.89742755775174
40.0,-4.69572480343714,38.81799170841369,96.89742755775174
40.0,-4.69572480343714,38.50494338818455,96.95295746817392
40.0,-4.382676483207998,38.81799170841369,96.44160009933505
40.0,-4.382676483207998,38.50494338818455,96.49352531253926
40.0,-4.382676483207998,38.50494338818455,96.49352531253926
40.0,-4.382676483207998,38.50494338818455,96.49352531253926
40.0,-4.069628162978855,38.50494338818455,96.03325300620071
40.0,-4.069628162978855,38.50494338818455,96.03325300620071
40.0,-4.069628162978855,38.50494338818455,96.03325300620071
40.0,-4.069628162978855,38.50494338818455,96.03325300620071
40.0,-4.069628162978855,38.50494338818455,96.03325300620071
40.0,-3.756579842749712,38.19189506795541,95.61758059012683
40.0,-3.756579842749712,38.50494338818455,95.5721978039638
40.0,-3.756579842749712,38.50494338818455,95.5721978039638
40.0,-3.756579842749712,38.50494338818455,95.5721978039638
40.0,-3.756579842749712,38.50494338818455,95.5721978039638
40.0,-3.756579842749712,38.50494338818455,95.5721978039638
40.0,-3.756579842749712,38.50494338818455,95.5721978039638
40.0,-3.756579842749712,38.50494338818455,95.5721978039638
40.0,-3.756579842749712,38.50494338818455,95.5721978039638
40.0,-3.756579842749712,38.50494338818455,95.5721978039638
40.0,-3.756579842749712,38.50494338818455,95.5721978039638
40.0,-3.756579842749712,38.50494338818455,95.5721978039638
40.0,-3.756579842749712,38.50494338818455,95.5721978039638
40.0,-3.756579842749712,38.50494338818455,95.5721978039638
40.0,-3.756579842749712,38.50494338818455,95.5721978039638
40.0,-3.756579842749712,38.50494338818455,95.5721978039638
40.0,-3.756579842749712,38.50494338818455,95.5721978039638
40.0,-3.756579842749712,38.50494338818455,95.5721978039638
40.0,-4.069628162978855,38.50494338818455,96.03325300620071
40.0,-3.756579842749712,38.50494338818455,95.5721978039638
40.0,-3.756579842749712,38.50494338818455,95.5721978039638
40.0,-3.756579842749712,38.50494338818455,95.5721978039638
40.0,-3.756579842749712,38.50494338818455,95.5721978039638
40.0,-3.4435315225205696,38.50494338818455,95.11041756103123
40.0,-3.4435315225205696,38.50494338818455,95.11041756103123
40.0,-3.756579842749712,38.19189506795541,95.61758059012683
40.0,-3.756579842749712,38.19189506795541,95.61758059012683
40.0,-3.756579842749712,38.19189506795541,95.61758059012683
40.0,-3.756579842749712,38.19189506795541,95.61758059012683
40.0,-3.756579842749712,38.19189506795541,95.61758059012683
40.0,-3.756579842749712,38.19189506795541,95.61758059012683
40.0,-3.4435315225205696,38.19189506795541,95.15208170220623
40.0,-3.4435315225205696,38.19189506795541,95.15208170220623
40.0,-3.756579842749712,38.19189506795541,95.61758059012683
40.0,-3.756579842749712,38.19189506795541,95.61758059012683
40.0,-4.069628162978855,38.19189506795541,96.08233669328206
40.0,-4.069628162978855,38.19189506795541,96.08233669328206
40.0,-4.382676483207998,38.19189506795541,96.54629078329404
40.0,-4.69572480343714,38.19189506795541,97.00938425662125
40.0,-4.69572480343714,37.878846747726264,97.06672971640108
40.0,-4.69572480343714,38.19189506795541,97.00938425662125
40.0,-4.69572480343714,38.19189506795541,97.00938425662125
40.0,-4.69572480343714,38.19189506795541,97.00938425662125
40.0,-4.382676483207998,38.19189506795541,96.54629078329404
40.0,-4.382676483207998,38.19189506795541,96.54629078329404
40.0,-4.382676483207998,38.19189506795541,96.54629078329404
40.0,-4.069628162978855,38.19189506795541,96.08233669328206
40.0,-4.069628162978855,38.19189506795541,96.08233669328206
40.0,-3.756579842749712,38.19189506795541,95.61758059012683
40.0,-3.756579842749712,38.19189506795541,95.61758059012683
40.0,-3.4435315225205696,38.19189506795541,95.15208170220623
40.0,-2.817434882062284,38.19189506795541,94.21909534924845
40.0,-2.817434882062284,38.50494338818455,94.18491612511842
40.0,-2.5043865618331416,38.50494338818455,93.72131326474977
40.0,-2.5043865618331416,38.50494338818455,93.72131326474977
40.0,-2.191338241603999,38.50494338818455,93.25722194066697
40.0,-1.878289921374856,38.50494338818455,92.79270236571328
40.0,-1.5652416011457135,38.50494338818455,92.32781508904117
40.0,-0.939144960687428,38.81799170841369,91.38591785081219
40.0,-0.6260966404582854,39.131040028642836,90.9166542563853
40.0,-0.3130483202291427,39.131040028642836,90.45835645800044
40.0,0.3130483202291427,39.44408834887198,89.54528113830686
40.0,0.6260966404582854,39.44408834887198,89.09061955080087
40.0,1.2521932809165708,39.75713666910112,88.19600488379942
40.0,2.191338241603999,39.75713666910112,86.84515713520803
40.0,2.817434882062284,40.070184989330265,85.9780098229799
40.0,3.4435315225205696,40.070184989330265,85.088211827494
40.0,4.382676483207998,40.070184989330265,83.75808565258495
40.0,5.008773123666283,40.070184989330265,82.8749836510982
40.0,5.634869764124568,40.070184989330265,81.99527114270714
40.0,6.574014724811996,40.070184989330265,80.68291393087378
40.0,7.826208005728567,39.75713666910112,78.86369056881827
40.0,9.078401286645137,39.75713666910112,77.1372489810418
40.0,10.33059456756171,39.44408834887198,75.32360686254998
40.0,11.58278784847828,39.44408834887198,73.63508183011909
40.0,12.834981129394851,39.44408834887198,71.97527647876153
40.0,13.461077769853135,39.131040028642836,71.0167829407738
40.0,14.713271050769707,39.131040028642836,69.39373938616318
40.0,15.339367691227991,39.131040028642836,68.59482056988148
40.0,16.27851265191542,38.81799170841369,67.24902365721238
40.0,17.21765761260285,38.50494338818455,65.90798047100967
40.0,18.469850893519418,38.19189506795541,64.19128481574778
40.0,19.72204417443599,37.56579842749712,62.300527191945
40.0,20.66118913512342,36.939701787038835,60.78075330951538
40.0,21.600334095810847,36.31360514658055,59.25465071822666
40.0,22.539479056498273,35.68750850612227,57.724355685422374
40.0,23.16557569695656,34.74836354543484,56.30993247402022
40.0,23.4786240171857,33.80921858474741,55.22216863363612
40.0,23.791672337414845,32.870073624059984,54.102622488291914
40.0,24.730817298102274,32.2439769836017,52.512144103052755
40.0,25.043865618331417,31.30483202291427,51.34019174590991
40.0,25.669962258789703,30.678735382455983,50.07960786001457
40.0,26.296058899247985,30.052638741997697,48.81407483429036
40.0,27.235203859935414,29.426542101539415,47.21475512731923
40.0,28.174348820622843,28.80044546108113,45.62959860841027
40.0,29.11349378131027,28.174348820622843,44.060809054264425
40.0,30.052638741997697,27.8613005003937,42.83308531681335
40.0,30.678735382455983,27.235203859935414,41.597230228938244
40.0,31.617880343143412,26.609107219477128,40.083433993989985
40.0,32.2439769836017,25.983010579018845,38.862744050738016
40.0,32.55702530383084,25.35691393856056,37.91310458992633
40.0,33.18312194428913,24.730817298102274,36.69653726863695
40.0,33.49617026451827,24.104720657643988,35.73977846882852
40.0,34.122266904976556,23.4786240171857,34.530825742288584
40.0,34.4353152252057,22.852527376727416,33.569698418372454
40.0,35.061411865663985,22.22643073626913,32.37177808260956
40.0,35.37446018589313,21.600334095810847,31.40905155215867
40.0,36.00055682635141,20.97423745535256,30.225449724953418
40.0,36.62665346680969,20.348140814894276,29.054604099077146
40.0,36.939701787038835,19.72204417443599,28.097682967435954
40.0,37.25275010726798,18.78289921374856,26.757318171876566
40.0,37.878846747726264,18.469850893519418,25.99401580396322
40.0,38.19189506795541,18.156802573290275,25.426874169589805
40.0,38.50494338818455,17.843754253061135,24.86369657175187
40.0,38.81799170841369,17.843754253061135,24.687173729792633
40.0,39.131040028642836,17.530705932831992,24.13237959458082
40.0,39.44408834887198,17.530705932831992,23.962488974578186
40.0,39.75713666910112,16.904609292373706,23.035044489185292
40.0,39.75713666910112,16.904609292373706,23.035044489185292
40.0,40.070184989330265,16.27851265191542,22.109448343751676
40.0,40.070184989330265,15.652416011457134,21.336859291805652
40.0,40.38323330955941,15.652416011457134,21.186176440399134
40.0,40.38323330955941,15.339367691227991,20.799028408841494
40.0,40.38323330955941,15.026319370998849,20.409882833803987
40.0,40.38323330955941,14.713271050769707,20.018760393783957
40.0,40.38323330955941,14.713271050769707,20.018760393783957
40.0,40.38323330955941,14.400222730540564,19.625682714779344
40.0,40.38323330955941,14.087174410311421,19.230672375661285
40.0,40.070184989330265,13.461077769853135,18.56913073103783
40.0,40.070184989330265,12.834981129394851,17.76091192493751
40.0,40.070184989330265,12.834981129394851,17.76091192493751
40.0,40.38323330955941,12.521932809165708,17.22748822645095
40.0,40.38323330955941,12.521932809165708,17.22748822645095
40.0,40.38323330955941,12.208884488936565,16.82140989004083
40.0,40.38323330955941,12.521932809165708,17.22748822645095
40.0,40.69628162978855,12.834981129394851,17.50447272684363
40.0,40.69628162978855,13.148029449623992,17.9044475062482
40.0,40.69628162978855,12.834981129394851,17.50447272684363
40.0,40.69628162978855,12.834981129394851,17.50447272684363
40.0,40.38323330955941,12.834981129394851,17.63178957111176
40.0,40.070184989330265,12.834981129394851,17.76091192493751
40.0,39.75713666910112,12.834981129394851,17.891877129198225
40.0,39.44408834887198,12.834981129394851,18.024723521238478
40.0,39.44408834887198,12.834981129394851,18.024723521238478
40.0,39.131040028642836,12.834981129394851,18.159490466786774
40.0,39.131040028642836,12.834981129394851,18.159490466786774
40.0,39.131040028642836,12.834981129394851,18.159490466786774
40.0,39.131040028642836,12.834981129394851,18.159490466786774
40.0,39.131040028642836,12.834981129394851,18.159490466786774
40.0,39.131040028642836,12.834981129394851,18.159490466786774
40.0,39.131040028642836,12.834981129394851,18.159490466786774
40.0,39.131040028642836,12.834981129394851,18.159490466786774
40.0,39.131040028642836,12.834981129394851,18.159490466786774
40.0,39.131040028642836,13.148029449623992,18.572348510407302
40.0,39.131040028642836,13.148029449623992,18.572348510407302
40.0,39.44408834887198,13.461077769853135,18.843225376947014
40.0,39.44408834887198,13.774126090082278,19.24952587268173
40.0,39.131040028642836,14.087174410311421,19.798876354524932
40.0,39.44408834887198,14.087174410311421,19.65382405805331
40.0,39.44408834887198,14.400222730540564,20.056094736575425
40.0,39.75713666910112,14.713271050769707,20.30844183652194
40.0,39.44408834887198,14.713271050769707,20.45631376327803
40.0,39.44408834887198,14.713271050769707,20.45631376327803
40.0,39.131040028642836,14.713271050769707,20.60626061383683
40.0,38.81799170841369,15.026319370998849,21.161259816828277
40.0,38.81799170841369,15.652416011457134,21.96056402009647
40.0,38.50494338818455,15.965464331686277,22.520565602896887
40.0,38.19189506795541,16.591560972144563,23.48139068260769
40.0,38.19189506795541,17.530705932831992,24.655898744081618
40.0,38.50494338818455,17.843754253061135,24.86369657175187
40.0,38.81799170841369,18.469850893519418,25.44540649654883
40.0,38.81799170841369,18.78289921374856,25.82099197418928
40.0,38.81799170841369,19.408995854206847,26.56505117707799
40.0,38.50494338818455,20.035092494665133,27.489096529850695
40.0,38.50494338818455,20.348140814894276,27.854449081138263
40.0,38.19189506795541,20.97423745535256,28.774724638821798
40.0,37.56579842749712,21.91338241603999,30.25643716352927
40.0,37.25275010726798,22.539479056498273,31.1757004957386
40.0,36.62665346680969,23.4786240171857,32.66091272167381
40.0,36.31360514658055,23.791672337414845,33.23171106797936
40.0,36.31360514658055,24.730817298102274,34.25621292901912
40.0,36.00055682635141,25.043865618331417,34.824489156956794
40.0,35.68750850612227,25.669962258789703,35.7273982227997
40.0,35.37446018589313,25.983010579018845,36.29777621005321
40.0,35.061411865663985,26.609107219477128,37.19590140805609
40.0,34.4353152252057,27.235203859935414,38.340792733863196
40.0,33.80921858474741,27.8613005003937,39.49105030178394
40.0,33.49617026451827,28.174348820622843,40.06791257173514
40.0,32.870073624059984,28.80044546108113,41.22453417571018
40.0,32.55702530383084,29.426542101539415,42.10873040377944
40.0,31.930928663372555,30.052638741997697,43.26429541107161
40.0,30.991783702685126,30.678735382455983,44.70916097764945
40.0,30.36568706222684,31.30483202291427,45.87245712290204
40.0,29.739590421768558,31.930928663372555,47.0350344568599
40.0,29.11349378131027,32.2439769836017,47.92072152100039
40.0,28.487397140851986,32.55702530383084,48.81407483429036
40.0,27.548252180164557,32.55702530383084,49.76364169072618
40.0,26.92215553970627,32.55702530383084,50.41186915231703
40.0,25.669962258789703,32.870073624059984,52.01185827447511
40.0,25.043865618331417,33.18312194428913,52.95752522691714
40.0,24.104720657643988,33.80921858474741,54.51253760227899
40.0,23.4786240171857,34.4353152252057,55.71312302279104
40.0,22.852527376727416,34.74836354543484,56.668774000368956
40.0,21.91338241603999,35.37446018589313,58.22306765270134
40.0,21.287285775581704,36.00055682635141,59.40399053293733
40.0,20.66118913512342,36.62665346680969,60.57254359681026
40.0,19.72204417443599,36.939701787038835,61.90231703256405
40.0,19.72204417443599,37.56579842749712,62.300527191945
40.0,19.095947533977704,37.878846747726264,63.24585452757825
40.0,18.78289921374856,37.878846747726264,63.62466925374733
40.0,18.469850893519418,38.19189506795541,64.19128481574778
40.0,18.156802573290275,38.50494338818455,64.75402643843056
40.0,17.843754253061135,38.50494338818455,65.13630342824813
40.0,16.904609292373706,38.81799170841369,66.46765143909899
40.0,16.591560972144563,38.81799170841369,66.85719893270577
40.0,15.965464331686277,39.131040028642836,67.80454047132105
40.0,15.339367691227991,39.131040028642836,68.59482056988148
40.0,14.713271050769707,39.131040028642836,69.39373938616318
40.0,14.087174410311421,39.131040028642836,70.20112364547508
40.0,13.461077769853135,39.44408834887198,71.15677462305298
40.0,12.834981129394851,39.44408834887198,71.97527647876153
40.0,12.521932809165708,39.75713666910112,72.51762481787846
40.0,11.895836168707422,39.75713666910112,73.34215444342134
40.0,10.956691208019995,39.75713666910112,74.59229635935799
40.0,10.33059456756171,40.070184989330265,75.54324459994515
40.0,9.704497927103423,40.070184989330265,76.38581725517065
40.0,9.078401286645137,40.38323330955941,77.33018573505035
40.0,7.826208005728567,40.69628162978855,79.11447294534128
40.0,7.200111365270282,40.69628162978855,79.96687944566884
40.0,6.260966404582854,40.69628162978855,81.2538377374448
40.0,5.321821443895426,40.69628162978855,82.54975093134382
40.0,4.382676483207998,40.69628162978855,83.85337434035333
40.0,3.756579842749712,40.38323330955941,84.68545433005525
40.0,3.130483202291427,40.38323330955941,85.56733153131015
40.0,2.5043865618331416,40.38323330955941,86.45131802609556
40.0,1.878289921374856,40.38323330955941,87.33699923393286
40.0,1.2521932809165708,40.38323330955941,88.22395574664127
40.0,0.6260966404582854,40.38323330955941,89.11176450476023
40.0,0.0,40.070184989330265,90.0
40.0,-0.6260966404582854,40.070184989330265,90.89517371021107
40.0,-0.939144960687428,40.070184989330265,91.34262402653776
40.0,-1.5652416011457135,40.070184989330265,92.2369790634377
40.0,-1.878289921374856,40.070184989330265,92.683775159469
40.0,-2.191338241603999,39.75713666910112,93.15484286479199
40.0,-2.5043865618331416,39.75713666910112,93.6044205391757
40.0,-3.130483202291427,39.75713666910112,94.50218949204097
40.0,-3.4435315225205696,39.44408834887198,94.98936256964221
40.0,-4.069628162978855,39.44408834887198,95.8906264162041
40.0,-4.69572480343714,39.131040028642836,96.84277341263095
40.0,-5.321821443895426,38.81799170841369,97.80640082923576
40.0,-5.947918084353711,38.50494338818455,98.78116273438548
40.0,-6.574014724811996,38.19189506795541,99.7666793957727
40.0,-7.200111365270282,38.19189506795541,100.67635568269581
40.0,-7.513159685499424,37.878846747726264,101.21884228126883
40.0,-7.513159685499424,37.878846747726264,101.21884228126883
40.0,-7.513159685499424,37.878846747726264,101.21884228126883
40.0,-7.513159685499424,37.878846747726264,101.21884228126883
40.0,-7.513159685499424,37.878846747726264,101.21884228126883
40.0,-7.513159685499424,37.878846747726264,101.21884228126883
40.0,-7.513159685499424,37.878846747726264,101.21884228126883
40.0,-7.513159685499424,37.878846747726264,101.21884228126883
40.0,-7.513159685499424,37.878846747726264,101.21884228126883
40.0,-7.513159685499424,37.878846747726264,101.21884228126883
40.0,-7.513159685499424,37.878846747726264,101.21884228126883
40.0,-7.513159685499424,37.878846747726264,101.21884228126883
40.0,-7.513159685499424,37.878846747726264,101.21884228126883
40.0,-7.513159685499424,37.878846747726264,101.21884228126883
40.0,-7.513159685499424,37.878846747726264,101.21884228126883
40.0,-7.513159685499424,37.878846747726264,101.21884228126883
40.0,-7.200111365270282,37.878846747726264,100.76253722314247
40.0,-7.200111365270282,37.878846747726264,100.76253722314247
40.0,-7.200111365270282,37.878846747726264,100.76253722314247
40.0,-6.887063045041139,37.878846747726264,100.30484646876603
40.0,-6.887063045041139,37.878846747726264,100.30484646876603
40.0,-6.887063045041139,37.878846747726264,100.30484646876603
40.0,-6.887063045041139,37.878846747726264,100.30484646876603
40.0,-6.887063045041139,37.878846747726264,100.30484646876603
40.0,-6.887063045041139,37.878846747726264,100.30484646876603
40.0,-6.887063045041139,38.19189506795541,100.22216863363613
40.0,-6.887063045041139,38.19189506795541,100.22216863363613
40.0,-6.887063045041139,38.19189506795541,100.22216863363613
40.0,-6.887063045041139,38.19189506795541,100.22216863363613
40.0,-6.574014724811996,38.19189506795541,99.7666793957727
40.0,-6.574014724811996,38.19189506795541,99.7666793957727
40.0,-6.574014724811996,38.19189506795541,99.7666793957727
40.0,-6.574014724811996,38.19189506795541,99.7666793957727
40.0,-6.260966404582854,38.19189506795541,99.30994017498604
40.0,-6.260966404582854,38.19189506795541,99.30994017498604
40.0,-6.260966404582854,38.19189506795541,99.30994017498604
40.0,-6.260966404582854,38.19189506795541,99.30994017498604
40.0,-6.260966404582854,38.19189506795541,99.30994017498604
40.0,-6.260966404582854,38.19189506795541,99.30994017498604
40.0,-6.260966404582854,38.19189506795541,99.30994017498604
40.0,-6.260966404582854,38.19189506795541,99.30994017498604
40.0,-6.260966404582854,38.19189506795541,99.30994017498604
40.0,-6.260966404582854,38.19189506795541,99.30994017498604
40.0,-6.260966404582854,38.19189506795541,99.30994017498604
40.0,-6.260966404582854,38.19189506795541,99.30994017498604
40.0,-6.260966404582854,38.19189506795541,99.30994017498604
40.0,-6.260966404582854,38.19189506795541,99.30994017498604
40.0,-6.260966404582854,38.19189506795541,99.30994017498604
40.0,-6.260966404582854,38.19189506795541,99.30994017498604
40.0,-6.260966404582854,38.19189506795541,99.30994017498604
40.0,-6.260966404582854,38.50494338818455,99.23555909316592
40.0,-6.260966404582854,38.50494338818455,99.23555909316592
40.0,-6.260966404582854,38.50494338818455,99.23555909316592
40.0,-6.260966404582854,38.50494338818455,99.23555909316592
40.0,-6.260966404582854,38.50494338818455,99.23555909316592
40.0,-6.260966404582854,38.50494338818455,99.23555909316592
40.0,-6.260966404582854,38.50494338818455,99.23555909316592
40.0,-6.260966404582854,38.50494338818455,99.23555909316592
40.0,-6.260966404582854,38.50494338818455,99.23555909316592
40.0,-6.260966404582854,38.50494338818455,99.23555909316592
40.0,-6.260966404582854,38.81799170841369,99.16234704572172
40.0,-6.260966404582854,38.81799170841369,99.16234704572172
40.0,-6.260966404582854,38.81799170841369,99.16234704572172
40.0,-6.260966404582854,38.81799170841369,99.16234704572172
40.0,-6.260966404582854,38.81799170841369,99.16234704572172
40.0,-6.260966404582854,39.131040028642836,99.09027692082232
40.0,-6.260966404582854,39.131040028642836,99.09027692082232
40.0,-6.260966404582854,39.131040028642836,99.09027692082232
40.0,-5.947918084353711,39.131040028642836,98.64280258000453
40.0,-5.947918084353711,39.131040028642836,98.64280258000453
40.0,-5.947918084353711,39.131040028642836,98.64280258000453
40.0,-5.947918084353711,39.131040028642836,98.64280258000453
