frame,landmark_id,x,y,z,visibility
0,26,298,255,-0.4004150331020355,0.9803619384765625
0,28,298,382,-0.3810669481754303,0.9755286574363708
1,26,295,257,-0.4475308954715729,0.9809151291847229
1,28,295,382,-0.3958614766597748,0.9754465818405151
2,26,295,259,-0.44419535994529724,0.9816818833351135
2,28,295,381,-0.45296648144721985,0.975621223449707
3,26,295,260,-0.43383440375328064,0.9828674793243408
3,28,295,381,-0.4047624170780182,0.9765640497207642
4,26,295,260,-0.42990198731422424,0.9839649796485901
4,28,295,381,-0.3674093186855316,0.9774376749992371
5,26,295,260,-0.420490026473999,0.9848026633262634
5,28,295,381,-0.33856987953186035,0.9778369665145874
6,26,295,260,-0.40685397386550903,0.9854728579521179
6,28,295,381,-0.33750173449516296,0.9778813719749451
7,26,296,260,-0.4057537615299225,0.9862269759178162
7,28,295,381,-0.3364129364490509,0.9784628748893738
8,26,296,260,-0.4057874083518982,0.9869272112846375
8,28,295,381,-0.3349390923976898,0.9791412949562073
9,26,296,260,-0.40362441539764404,0.9876323342323303
9,28,294,381,-0.33301976323127747,0.9798827767372131
10,26,297,259,-0.4002310335636139,0.9881601929664612
10,28,294,381,-0.3313949406147003,0.9804606437683105
11,26,298,259,-0.402005136013031,0.9887043833732605
11,28,294,381,-0.34267565608024597,0.9810703992843628
12,26,298,259,-0.4070034623146057,0.9893335700035095
12,28,294,381,-0.3463793992996216,0.98183274269104
13,26,298,260,-0.40857386589050293,0.9899386763572693
13,28,293,381,-0.34043440222740173,0.9826165437698364
14,26,298,260,-0.4088996648788452,0.9904708862304688
14,28,293,382,-0.3358372449874878,0.9833186268806458
15,26,298,260,-0.41103997826576233,0.9909964799880981
15,28,293,382,-0.33642539381980896,0.9840440154075623
16,26,299,260,-0.41192352771759033,0.9914913177490234
16,28,293,382,-0.3309253752231598,0.9846785664558411
17,26,299,261,-0.4112982749938965,0.9919543266296387
17,28,293,382,-0.3219270408153534,0.9852897524833679
18,26,299,261,-0.41117826104164124,0.9924100041389465
18,28,293,383,-0.3216612935066223,0.9859752058982849
19,26,299,261,-0.4110698699951172,0.9927923679351807
19,28,293,383,-0.3254743218421936,0.9865666031837463
20,26,299,261,-0.41113266348838806,0.9931233525276184
20,28,293,383,-0.3261622190475464,0.9870822429656982
21,26,299,261,-0.41141411662101746,0.9934549331665039
21,28,293,383,-0.32561954855918884,0.9875748157501221
22,26,299,260,-0.4096446633338928,0.9937481880187988
22,28,293,383,-0.31791213154792786,0.9879770278930664
23,26,296,260,-0.409811407327652,0.9940100312232971
23,28,293,382,-0.3182065784931183,0.9883415699005127
24,26,296,260,-0.4089336693286896,0.9942208528518677
24,28,293,382,-0.3178451359272003,0.988612174987793
25,26,296,259,-0.40944793820381165,0.9944665431976318
25,28,293,382,-0.3239201605319977,0.9890133738517761
26,26,296,259,-0.4103865623474121,0.9946964383125305
26,28,293,382,-0.32650691270828247,0.9893795847892761
27,26,297,259,-0.41101258993148804,0.9949043393135071
27,28,292,382,-0.3278820514678955,0.9897234439849854
28,26,297,259,-0.4118572175502777,0.9951015114784241
28,28,292,382,-0.33347827196121216,0.9900615811347961
29,26,297,259,-0.4120711088180542,0.9952570796012878
29,28,292,382,-0.33324819803237915,0.9903340339660645
30,26,296,260,-0.4036530554294586,0.9954710602760315
30,28,292,383,-0.31407618522644043,0.9907666444778442
31,26,295,261,-0.4026607573032379,0.9956717491149902
31,28,292,384,-0.30980822443962097,0.9911839962005615
32,26,295,261,-0.40355184674263,0.9958587884902954
32,28,292,384,-0.31068891286849976,0.991570234298706
33,26,295,261,-0.4040374755859375,0.9960378408432007
33,28,292,384,-0.311455100774765,0.9919317364692688
34,26,295,261,-0.40439796447753906,0.9961944222450256
34,28,292,384,-0.3114006519317627,0.9922354817390442
35,26,296,262,-0.4046430289745331,0.9963223934173584
35,28,293,385,-0.3126205801963806,0.9924891591072083
36,26,297,263,-0.40481773018836975,0.9964249134063721
36,28,293,385,-0.31405672430992126,0.9926904439926147
37,26,297,263,-0.40539899468421936,0.9965294003486633
37,28,293,386,-0.3162727952003479,0.9928815364837646
38,26,297,263,-0.4064505100250244,0.9966191053390503
38,28,293,386,-0.321698933839798,0.9930404424667358
39,26,297,263,-0.4064039885997772,0.996721625328064
39,28,293,386,-0.32205623388290405,0.9932263493537903
40,26,297,263,-0.40642255544662476,0.9968438148498535
40,28,293,386,-0.3266025185585022,0.993484616279602
41,26,297,263,-0.4064311981201172,0.9969518780708313
41,28,293,386,-0.3280145823955536,0.9936995506286621
42,26,297,263,-0.4060598909854889,0.9970540404319763
42,28,293,386,-0.32732686400413513,0.9939037561416626
43,26,297,263,-0.40514323115348816,0.9971542954444885
43,28,293,386,-0.3271019160747528,0.9941016435623169
44,26,298,263,-0.4050705134868622,0.997247040271759
44,28,293,386,-0.32721713185310364,0.9943103194236755
45,26,298,264,-0.40352609753608704,0.9973311424255371
45,28,293,386,-0.32452264428138733,0.9944719076156616
46,26,298,264,-0.4035654366016388,0.997401773929596
46,28,293,386,-0.324531614780426,0.9946029782295227
47,26,298,264,-0.403217613697052,0.9974648356437683
47,28,293,386,-0.32221055030822754,0.9947139620780945
48,26,298,264,-0.40277013182640076,0.9975318908691406
48,28,293,387,-0.32037612795829773,0.9948200583457947
49,26,298,264,-0.4028639495372772,0.9975926876068115
49,28,293,387,-0.3211171627044678,0.9949232339859009
50,26,298,264,-0.4029037654399872,0.9976319670677185
50,28,293,387,-0.3210974335670471,0.9950042963027954
51,26,298,265,-0.40293654799461365,0.9976691007614136
51,28,293,387,-0.32135289907455444,0.995080292224884
52,26,298,265,-0.40229088068008423,0.9976763129234314
52,28,293,387,-0.31891635060310364,0.9950946569442749
53,26,298,265,-0.40223416686058044,0.9976839423179626
53,28,293,387,-0.31823018193244934,0.9951163530349731
54,26,298,265,-0.4016629457473755,0.9976896643638611
54,28,293,387,-0.3153473436832428,0.9951250553131104
55,26,298,265,-0.40156322717666626,0.9976889491081238
55,28,293,387,-0.31366944313049316,0.9951215982437134
56,26,298,265,-0.40157756209373474,0.9977014064788818
56,28,293,387,-0.31357118487358093,0.9951518177986145
57,26,298,265,-0.4016593098640442,0.9977200031280518
57,28,293,387,-0.3124963343143463,0.9951849579811096
58,26,298,265,-0.4012494385242462,0.9977468848228455
58,28,293,387,-0.31089434027671814,0.995224118232727
59,26,298,265,-0.4001474976539612,0.9977729320526123
59,28,293,387,-0.31103748083114624,0.9952643513679504
60,26,298,265,-0.4044422507286072,0.997837245464325
60,28,293,387,-0.32826775312423706,0.995349109172821
61,26,298,264,-0.40647223591804504,0.9979038834571838
61,28,292,387,-0.332979679107666,0.9954497814178467
62,26,298,264,-0.4068048596382141,0.997968316078186
62,28,292,387,-0.3327106833457947,0.9955464601516724
63,26,298,264,-0.4065970778465271,0.9980372190475464
63,28,292,387,-0.3335094749927521,0.9956529140472412
64,26,298,264,-0.4064399003982544,0.9980906844139099
64,28,292,387,-0.33295416831970215,0.9957292079925537
65,26,298,264,-0.40601542592048645,0.9981330037117004
65,28,292,387,-0.33237093687057495,0.9957845211029053
66,26,298,264,-0.4060356318950653,0.9981542229652405
66,28,292,387,-0.3264494836330414,0.9957824945449829
67,26,298,264,-0.4063843786716461,0.9981914162635803
67,28,292,387,-0.3264661729335785,0.9958122968673706
68,26,298,263,-0.4065515100955963,0.9982226490974426
68,28,292,387,-0.32530084252357483,0.9958212375640869
69,26,298,263,-0.40668758749961853,0.9982490539550781
69,28,292,387,-0.32611605525016785,0.9958275556564331
70,26,298,263,-0.4071161150932312,0.9982783794403076
70,28,292,387,-0.32702478766441345,0.9958539605140686
71,26,298,263,-0.40751370787620544,0.9982994794845581
71,28,292,387,-0.3270511031150818,0.9958517551422119
72,26,298,263,-0.40749433636665344,0.9983305931091309
72,28,292,387,-0.325706422328949,0.9958876371383667
73,26,298,263,-0.40784040093421936,0.9983425736427307
73,28,291,387,-0.32581791281700134,0.9958739280700684
74,26,298,263,-0.4074248671531677,0.9983378648757935
74,28,291,387,-0.32487934827804565,0.9958311319351196
75,26,298,264,-0.4075286388397217,0.9983477592468262
75,28,291,387,-0.3249022662639618,0.9958343505859375
76,26,298,264,-0.4074160158634186,0.9983528852462769
76,28,291,387,-0.3240495026111603,0.9958174824714661
77,26,298,264,-0.4064330756664276,0.9983521103858948
77,28,291,387,-0.32283419370651245,0.9957870244979858
78,26,298,264,-0.4052789807319641,0.9983497262001038
78,28,291,387,-0.32278281450271606,0.9957517385482788
79,26,298,264,-0.40436452627182007,0.9983534812927246
79,28,291,387,-0.32130539417266846,0.9957442283630371
80,26,298,264,-0.40446344017982483,0.9983660578727722
80,28,291,387,-0.322532594203949,0.9957690238952637
81,26,297,264,-0.4034407138824463,0.9983705878257751
81,28,291,387,-0.32333436608314514,0.9957708120346069
82,26,297,264,-0.4035808742046356,0.9983816146850586
82,28,291,387,-0.3342492878437042,0.9958003163337708
83,26,297,264,-0.40366578102111816,0.9983928203582764
83,28,291,387,-0.3409281373023987,0.9958289265632629
84,26,297,264,-0.403704434633255,0.998394787311554
84,28,291,387,-0.3414008915424347,0.9958226084709167
85,26,297,264,-0.40311071276664734,0.9983901381492615
85,28,291,387,-0.339388370513916,0.9957897067070007
86,26,297,264,-0.40075767040252686,0.9983848929405212
86,28,291,387,-0.33634474873542786,0.995756983757019
87,26,297,264,-0.3983675539493561,0.9983649253845215
87,28,291,387,-0.32671013474464417,0.9956933259963989
88,26,297,264,-0.398253470659256,0.9983417391777039
88,28,291,387,-0.3270675837993622,0.9956032633781433
89,26,295,265,-0.39815351366996765,0.9983132481575012
89,28,291,387,-0.3265472650527954,0.9955027103424072
90,26,295,265,-0.39816904067993164,0.9982162714004517
90,28,291,387,-0.3235359489917755,0.9952808022499084
91,26,295,265,-0.3979053795337677,0.9981130361557007
91,28,290,387,-0.32019856572151184,0.9950524568557739
92,26,293,265,-0.397723525762558,0.9980179667472839
92,28,290,387,-0.3182520568370819,0.994844913482666
93,26,294,265,-0.397379994392395,0.9979169368743896
93,28,290,387,-0.31904688477516174,0.9946445822715759
94,26,294,265,-0.39650866389274597,0.9978252649307251
94,28,290,387,-0.31944403052330017,0.9944244623184204
95,26,294,264,-0.3953758478164673,0.9977405667304993
95,28,290,388,-0.3179594874382019,0.9941942095756531
96,26,294,264,-0.3945338726043701,0.9977035522460938
96,28,290,388,-0.3169934153556824,0.994117796421051
97,26,294,264,-0.3938616216182709,0.997674286365509
97,28,290,388,-0.314784437417984,0.9940657019615173
98,26,294,264,-0.3932884633541107,0.9976403713226318
98,28,290,388,-0.31325164437294006,0.9939738512039185
99,26,293,264,-0.3934493064880371,0.9976205229759216
99,28,290,388,-0.31399789452552795,0.9939121603965759
100,26,292,264,-0.3928911089897156,0.9975972175598145
100,28,289,388,-0.3144032061100006,0.9938541054725647
101,26,292,265,-0.3930041790008545,0.9975941777229309
101,28,289,388,-0.31462252140045166,0.9938117265701294
102,26,292,265,-0.39482712745666504,0.9976008534431458
102,28,289,388,-0.31978949904441833,0.9938178062438965
103,26,292,265,-0.3948996663093567,0.9975981712341309
103,28,289,388,-0.3202275335788727,0.993831992149353
104,26,292,265,-0.3951582908630371,0.9975947141647339
104,28,289,389,-0.32126033306121826,0.9938541054725647
105,26,293,264,-0.39578768610954285,0.9975847005844116
105,28,289,389,-0.3261730372905731,0.9938651919364929
106,26,294,264,-0.3967170715332031,0.9975680708885193
106,28,290,388,-0.33508172631263733,0.9938690066337585
107,26,294,263,-0.39670902490615845,0.9975836873054504
107,28,291,388,-0.3369978070259094,0.9939192533493042
108,26,294,263,-0.40063732862472534,0.9976031184196472
108,28,291,388,-0.34302467107772827,0.9939815998077393
109,26,295,262,-0.4002216160297394,0.9975660443305969
109,28,292,388,-0.3369922637939453,0.9939120411872864
110,26,295,262,-0.3914390504360199,0.9975013732910156
110,28,294,387,-0.32184770703315735,0.9937498569488525
111,26,295,261,-0.3896654546260834,0.9974606037139893
111,28,296,387,-0.3224693238735199,0.9936520457267761
112,26,295,259,-0.38676854968070984,0.9974640607833862
112,28,300,386,-0.32246628403663635,0.9936676025390625
113,26,295,258,-0.3875315189361572,0.9975003600120544
113,28,303,385,-0.32963523268699646,0.9937627911567688
114,26,295,257,-0.3766971826553345,0.9974650144577026
114,28,306,385,-0.32722705602645874,0.9937182664871216
115,26,296,257,-0.3764166235923767,0.9974183440208435
115,28,310,385,-0.3312488794326782,0.9935895800590515
116,26,298,257,-0.3639777898788452,0.9973928332328796
116,28,312,385,-0.33123692870140076,0.9936017990112305
117,26,298,258,-0.349208265542984,0.9973434805870056
117,28,313,385,-0.3208540678024292,0.9935450553894043
118,26,298,258,-0.3471125066280365,0.9973621964454651
118,28,315,385,-0.32169514894485474,0.9935985803604126
119,26,300,258,-0.3556751012802124,0.9974146485328674
119,28,320,385,-0.36909019947052,0.9937257170677185
120,26,299,258,-0.37133216857910156,0.9975076913833618
120,28,328,384,-0.4021516442298889,0.9938766360282898
121,26,298,258,-0.38018855452537537,0.9976047277450562
121,28,333,384,-0.41845548152923584,0.9940333366394043
122,26,298,259,-0.379116952419281,0.9977543354034424
122,28,337,384,-0.4234709143638611,0.9943767189979553
123,26,298,260,-0.38026684522628784,0.9979000091552734
123,28,340,384,-0.43087202310562134,0.9947296977043152
124,26,298,260,-0.3791889548301697,0.9980150461196899
124,28,345,384,-0.42184028029441833,0.995025634765625
125,26,298,261,-0.37501680850982666,0.9981513619422913
125,28,365,383,-0.42471933364868164,0.9953922629356384
126,26,298,262,-0.3750031590461731,0.998264729976654
126,28,366,382,-0.4311605989933014,0.9957063794136047
127,26,298,262,-0.376260370016098,0.9983788132667542
127,28,368,380,-0.4591362774372101,0.9960076808929443
128,26,298,262,-0.3760749399662018,0.9984865784645081
128,28,369,378,-0.4593425691127777,0.996310293674469
129,26,298,262,-0.37191134691238403,0.9985805749893188
129,28,371,376,-0.4663911461830139,0.996588945388794
130,26,298,262,-0.3663652837276459,0.9986408948898315
130,28,372,375,-0.4737282395362854,0.9968081712722778
131,26,300,261,-0.34872302412986755,0.9987072944641113
131,28,375,373,-0.46070197224617004,0.9970341920852661
132,26,300,261,-0.35128527879714966,0.9987584352493286
132,28,379,372,-0.46644991636276245,0.9972342848777771
133,26,301,260,-0.344038188457489,0.9988248944282532
133,28,381,369,-0.458730012178421,0.9974392056465149
134,26,302,260,-0.34531494975090027,0.9988763928413391
134,28,381,367,-0.45582810044288635,0.9976118803024292
135,26,302,259,-0.3487972319126129,0.9989012479782104
135,28,382,365,-0.468951940536499,0.9977373480796814
136,26,302,257,-0.34912583231925964,0.9989383220672607
136,28,384,363,-0.4670863747596741,0.9978739619255066
137,26,303,256,-0.34965261816978455,0.998976469039917
137,28,386,359,-0.4636232554912567,0.9980051517486572
138,26,304,256,-0.35052746534347534,0.9990014433860779
138,28,388,357,-0.4694288969039917,0.9981101155281067
139,26,304,255,-0.35548245906829834,0.9990265369415283
139,28,390,355,-0.491443008184433,0.9982062578201294
140,26,304,255,-0.35549089312553406,0.9990532398223877
140,28,392,353,-0.5077717900276184,0.9982972145080566
141,26,304,255,-0.3589266240596771,0.999061644077301
141,28,392,352,-0.5389184951782227,0.9983509182929993
142,26,303,255,-0.35881513357162476,0.999071478843689
142,28,392,351,-0.5249926447868347,0.9984054565429688
143,26,303,254,-0.3573630750179291,0.9990845322608948
143,28,393,350,-0.5202096104621887,0.9984605312347412
144,26,303,254,-0.3520503044128418,0.9990951418876648
144,28,395,350,-0.5140199661254883,0.9985157251358032
145,26,303,254,-0.3433515131473541,0.9991100430488586
145,28,397,349,-0.5096966624259949,0.9985693097114563
146,26,303,254,-0.3447229862213135,0.9991132616996765
146,28,398,348,-0.519437849521637,0.998609721660614
147,26,303,254,-0.3422870337963104,0.9991198182106018
147,28,399,347,-0.5163766741752625,0.9986464381217957
148,26,303,254,-0.341694712638855,0.9991466999053955
148,28,400,347,-0.5136175751686096,0.9987088441848755
149,26,303,254,-0.34186768531799316,0.9991744756698608
149,28,402,346,-0.5132293701171875,0.9987744092941284
150,26,303,254,-0.3469594419002533,0.9991903901100159
150,28,402,344,-0.5309344530105591,0.9988214373588562
151,26,304,254,-0.3499639332294464,0.9992081522941589
151,28,402,343,-0.5385753512382507,0.998866856098175
152,26,304,254,-0.3558799922466278,0.9992193579673767
152,28,403,342,-0.5470492839813232,0.998903214931488
153,26,304,254,-0.3708820641040802,0.9992376565933228
153,28,404,341,-0.5903722643852234,0.9989427924156189
154,26,304,254,-0.3747130036354065,0.9992591142654419
154,28,405,340,-0.5948174595832825,0.998984694480896
155,26,304,254,-0.37034308910369873,0.9992769360542297
155,28,405,338,-0.585204005241394,0.9990153908729553
156,26,304,254,-0.37490028142929077,0.9992963671684265
156,28,406,338,-0.600801944732666,0.9990461468696594
157,26,304,254,-0.37338462471961975,0.9993141889572144
157,28,406,337,-0.6098647713661194,0.9990668892860413
158,26,304,254,-0.3747422993183136,0.9993332624435425
158,28,408,336,-0.616115927696228,0.9990932941436768
159,26,304,255,-0.37546035647392273,0.999353289604187
159,28,409,335,-0.6183446049690247,0.9991266131401062
160,26,304,255,-0.386704683303833,0.9993752241134644
160,28,410,334,-0.6413491368293762,0.999163031578064
161,26,303,255,-0.3823327124118805,0.9993953704833984
161,28,412,333,-0.626854658126831,0.9991958737373352
162,26,303,255,-0.38028526306152344,0.9994143843650818
162,28,413,333,-0.6268229484558105,0.999226450920105
163,26,303,256,-0.390264093875885,0.9994311332702637
163,28,414,332,-0.6515888571739197,0.9992547035217285
164,26,303,256,-0.39352142810821533,0.999445915222168
164,28,415,332,-0.657048761844635,0.9992822408676147
165,26,303,256,-0.39567631483078003,0.9994595646858215
165,28,416,332,-0.6635658740997314,0.9993070363998413
166,26,303,256,-0.39265888929367065,0.9994666576385498
166,28,418,332,-0.6492049098014832,0.9993212223052979
167,26,303,256,-0.3905700743198395,0.9994743466377258
167,28,419,331,-0.6471724510192871,0.9993354082107544
168,26,303,256,-0.39277395606040955,0.9994848370552063
168,28,419,331,-0.6595618724822998,0.9993521571159363
169,26,303,256,-0.39356541633605957,0.9994949102401733
169,28,420,331,-0.6583024263381958,0.9993706345558167
170,26,303,256,-0.4001988172531128,0.9995083212852478
170,28,420,330,-0.6770095825195312,0.9993920922279358
171,26,303,256,-0.4105864465236664,0.9995240569114685
171,28,420,328,-0.7037078738212585,0.999413788318634
172,26,303,256,-0.41485318541526794,0.9995403289794922
172,28,420,327,-0.711514949798584,0.9994339346885681
173,26,302,256,-0.41728970408439636,0.9995547533035278
173,28,420,323,-0.7234678268432617,0.9994451403617859
174,26,302,255,-0.4176080822944641,0.9995662569999695
174,28,420,322,-0.7223984599113464,0.9994498491287231
175,26,301,254,-0.41708293557167053,0.9995773434638977
175,28,420,320,-0.7231194376945496,0.9994553923606873
176,26,301,254,-0.41761329770088196,0.9995892643928528
176,28,420,317,-0.7211108207702637,0.9994665384292603
177,26,301,254,-0.41626444458961487,0.9996012449264526
177,28,421,315,-0.720221757888794,0.9994798898696899
178,26,301,254,-0.4155506193637848,0.9996140599250793
178,28,421,313,-0.7137913107872009,0.9994958639144897
179,26,301,254,-0.41537368297576904,0.9996286630630493
179,28,422,311,-0.7131962180137634,0.9995157718658447
180,26,302,254,-0.4097011983394623,0.999646782875061
180,28,423,309,-0.6991130709648132,0.9995397329330444
181,26,302,254,-0.4074245095252991,0.999663770198822
181,28,424,308,-0.6991626620292664,0.9995619058609009
182,26,302,254,-0.40747636556625366,0.9996801018714905
182,28,424,305,-0.7023502588272095,0.9995818734169006
183,26,302,254,-0.40749526023864746,0.9996953010559082
183,28,425,305,-0.705903172492981,0.9995994567871094
184,26,302,254,-0.40757477283477783,0.9997094869613647
184,28,425,304,-0.708398163318634,0.9996170997619629
185,26,302,254,-0.40693897008895874,0.9997225403785706
185,28,425,303,-0.707602322101593,0.9996339678764343
186,26,302,254,-0.40369153022766113,0.9997330904006958
186,28,425,303,-0.6945331692695618,0.9996471405029297
187,26,302,254,-0.40225690603256226,0.9997428059577942
187,28,425,303,-0.690559983253479,0.9996587634086609
188,26,304,254,-0.4017573595046997,0.9997520446777344
188,28,425,303,-0.6920127868652344,0.9996693134307861
189,26,305,254,-0.4018380641937256,0.9997591376304626
189,28,425,303,-0.6931459903717041,0.9996767640113831
190,26,306,254,-0.40178266167640686,0.9997657537460327
190,28,426,303,-0.6924107670783997,0.9996841549873352
191,26,305,254,-0.3992190361022949,0.9997711181640625
191,28,426,303,-0.6885532736778259,0.9996908903121948
192,26,304,254,-0.3974992334842682,0.9997764229774475
192,28,426,303,-0.6869117021560669,0.9996963739395142
193,26,304,254,-0.3959740400314331,0.9997818470001221
193,28,426,303,-0.6825228333473206,0.9997014999389648
194,26,304,254,-0.3965747058391571,0.9997872114181519
194,28,426,303,-0.6876731514930725,0.9997062087059021
195,26,303,255,-0.3980923295021057,0.9997913837432861
195,28,426,304,-0.6957470178604126,0.9997100234031677
196,26,303,255,-0.4001598358154297,0.9997951984405518
196,28,426,305,-0.7005186080932617,0.9997144937515259
197,26,303,255,-0.3993411660194397,0.9997977018356323
197,28,425,305,-0.6961888670921326,0.9997174143791199
198,26,303,255,-0.3957812190055847,0.9997997879981995
198,28,425,305,-0.6775254011154175,0.9997192025184631
199,26,303,255,-0.39564812183380127,0.9998016953468323
199,28,425,305,-0.6759189367294312,0.9997209310531616
200,26,303,255,-0.3934759497642517,0.9998028874397278
200,28,425,304,-0.6717579960823059,0.9997212290763855
201,26,303,255,-0.3922969102859497,0.9998028874397278
201,28,425,304,-0.6682921648025513,0.9997207522392273
202,26,303,255,-0.3927817940711975,0.9998034238815308
202,28,425,304,-0.670598566532135,0.9997223615646362
203,26,303,256,-0.3930036723613739,0.9998050332069397
203,28,425,303,-0.6723900437355042,0.9997242093086243
204,26,303,256,-0.39269739389419556,0.9998067021369934
204,28,425,301,-0.6722771525382996,0.9997256398200989
205,26,302,256,-0.389654278755188,0.9998075366020203
205,28,425,301,-0.6686820387840271,0.9997254610061646
206,26,302,256,-0.3877822458744049,0.9998098611831665
206,28,425,300,-0.6647644639015198,0.9997267723083496
207,26,302,256,-0.3904419243335724,0.9998139142990112
207,28,425,299,-0.6703218221664429,0.9997299909591675
208,26,302,256,-0.3919471800327301,0.9998170137405396
208,28,425,299,-0.6751691102981567,0.9997314214706421
209,26,302,256,-0.39164093136787415,0.9998188018798828
209,28,425,298,-0.6749773025512695,0.9997307062149048
210,26,302,255,-0.38849228620529175,0.9998188614845276
210,28,425,299,-0.6537306904792786,0.9997318387031555
211,26,302,255,-0.38882189989089966,0.9998190999031067
211,28,426,299,-0.6581729054450989,0.9997332692146301
212,26,305,255,-0.38848674297332764,0.9998194575309753
212,28,426,299,-0.6516834497451782,0.9997351169586182
213,26,306,255,-0.3879551887512207,0.99982088804245
213,28,426,299,-0.648746132850647,0.999737560749054
214,26,306,255,-0.3875924348831177,0.9998206496238708
214,28,426,299,-0.6523228287696838,0.9997381567955017
215,26,305,255,-0.3860379755496979,0.9998189210891724
215,28,425,299,-0.6520565748214722,0.999736487865448
216,26,305,255,-0.3855995237827301,0.999815821647644
216,28,425,299,-0.6502813696861267,0.9997336268424988
217,26,305,255,-0.3856670558452606,0.9998136758804321
217,28,426,300,-0.6464011073112488,0.9997326135635376
218,26,304,255,-0.38451623916625977,0.9998098611831665
218,28,426,301,-0.6367933750152588,0.9997299909591675
219,26,304,255,-0.3849146068096161,0.9998048543930054
219,28,425,304,-0.6411910057067871,0.9997273683547974
220,26,304,255,-0.3860202431678772,0.9998013377189636
220,28,425,306,-0.6488696932792664,0.9997254610061646
221,26,303,255,-0.38469040393829346,0.9997969269752502
221,28,425,308,-0.6449320912361145,0.9997231960296631
222,26,303,255,-0.38467636704444885,0.9997923970222473
222,28,425,310,-0.646537721157074,0.9997220039367676
223,26,303,255,-0.38428381085395813,0.999786376953125
223,28,425,311,-0.6399788856506348,0.9997189044952393
224,26,302,254,-0.38166478276252747,0.9997786283493042
224,28,425,312,-0.6310365796089172,0.999713659286499
225,26,302,254,-0.3817865252494812,0.9997692108154297
225,28,424,313,-0.6335037350654602,0.9997041821479797
226,26,301,254,-0.38659533858299255,0.9997579455375671
226,28,423,317,-0.6542879939079285,0.9996896982192993
227,26,301,254,-0.38707032799720764,0.9997409582138062
227,28,423,318,-0.6597972512245178,0.9996682405471802
228,26,301,254,-0.38705533742904663,0.9997285008430481
228,28,422,320,-0.6582195162773132,0.9996529817581177
229,26,301,254,-0.3844562768936157,0.9997156262397766
229,28,422,322,-0.6452361941337585,0.9996405839920044
230,26,301,254,-0.3815931975841522,0.9997037053108215
230,28,421,325,-0.6371338367462158,0.999629020690918
231,26,302,255,-0.3816639184951782,0.9996898770332336
231,28,419,328,-0.6380889415740967,0.999613881111145
232,26,302,256,-0.3745967149734497,0.9996740221977234
232,28,417,330,-0.6245047450065613,0.9995954036712646
233,26,302,256,-0.3738013803958893,0.9996528029441833
233,28,414,331,-0.6212103366851807,0.999570906162262
234,26,302,256,-0.3740471303462982,0.9996342062950134
234,28,414,333,-0.6137166023254395,0.9995549917221069
235,26,303,257,-0.37451139092445374,0.9996224641799927
235,28,413,335,-0.6177615523338318,0.9995476007461548
236,26,303,258,-0.37554511427879333,0.999612033367157
236,28,413,336,-0.6209965944290161,0.9995404481887817
237,26,303,258,-0.37045472860336304,0.9996021389961243
237,28,412,337,-0.6011751890182495,0.9995346665382385
238,26,303,258,-0.3579708933830261,0.9995991587638855
238,28,412,337,-0.5799034833908081,0.9995333552360535
239,26,303,258,-0.3618377149105072,0.9995860457420349
239,28,412,338,-0.5895497798919678,0.9995240569114685
240,26,303,258,-0.36867937445640564,0.9995766878128052
240,28,411,340,-0.6208973526954651,0.9995083808898926
241,26,302,258,-0.37666091322898865,0.9995684027671814
241,28,410,340,-0.6365466713905334,0.9994901418685913
242,26,302,258,-0.3844691812992096,0.9995585083961487
242,28,408,342,-0.6506612300872803,0.9994679093360901
243,26,302,258,-0.38492220640182495,0.9995415806770325
243,28,407,343,-0.6425208449363708,0.9994410872459412
244,26,302,258,-0.38371971249580383,0.9995293617248535
244,28,406,345,-0.6344873905181885,0.9994217157363892
245,26,302,258,-0.3829958438873291,0.9995020627975464
245,28,405,347,-0.6199930906295776,0.9993798732757568
246,26,302,257,-0.38271307945251465,0.9994787573814392
246,28,403,349,-0.6214252710342407,0.9993276000022888
247,26,302,257,-0.38333776593208313,0.9994539618492126
247,28,401,350,-0.6313403248786926,0.9992635250091553
248,26,302,256,-0.37945663928985596,0.9994286298751831
248,28,400,352,-0.6078707575798035,0.9992156028747559
249,26,302,256,-0.3621426224708557,0.9993979930877686
249,28,398,353,-0.5515654683113098,0.9991797804832458
250,26,302,255,-0.3591539263725281,0.9993693232536316
250,28,395,355,-0.5266502499580383,0.999149739742279
251,26,302,255,-0.3628314137458801,0.9993164539337158
251,28,391,357,-0.5338362455368042,0.9990835189819336
252,26,302,255,-0.36341091990470886,0.9992818236351013
252,28,389,360,-0.5257299542427063,0.999020516872406
253,26,301,255,-0.36253228783607483,0.999244213104248
253,28,385,362,-0.5303593873977661,0.9989535212516785
254,26,301,255,-0.3630249798297882,0.999203622341156
254,28,383,362,-0.5352324843406677,0.9988791942596436
255,26,301,255,-0.3634931743144989,0.9991099238395691
255,28,381,365,-0.5379765629768372,0.998762845993042
256,26,301,256,-0.3640654683113098,0.9990326166152954
256,28,381,367,-0.518907904624939,0.998660147190094
257,26,301,257,-0.36852559447288513,0.9989532828330994
257,28,379,369,-0.5280710458755493,0.9985589385032654
258,26,300,258,-0.37723425030708313,0.9989137053489685
258,28,378,371,-0.5327348113059998,0.9984980225563049
259,26,300,258,-0.3812450170516968,0.9988048076629639
259,28,373,373,-0.5438172817230225,0.9983031153678894
260,26,299,259,-0.37997230887413025,0.9986923336982727
260,28,371,374,-0.5259667634963989,0.9980782866477966
261,26,299,259,-0.37379682064056396,0.9986087083816528
261,28,372,372,-0.5297468900680542,0.9979091286659241
262,26,299,259,-0.37385979294776917,0.9985300302505493
262,28,373,371,-0.5130362510681152,0.9977314472198486
263,26,299,259,-0.37475571036338806,0.9985093474388123
263,28,374,371,-0.493866890668869,0.9976457357406616
264,26,299,259,-0.3778887987136841,0.9984767436981201
264,28,362,377,-0.49708178639411926,0.9975410103797913
265,26,297,259,-0.37830960750579834,0.9984595775604248
265,28,354,379,-0.4843394160270691,0.9974040985107422
266,26,295,259,-0.3904131352901459,0.9984543919563293
266,28,349,380,-0.48943695425987244,0.997258186340332
267,26,294,259,-0.3939477801322937,0.9984108805656433
267,28,344,380,-0.49279460310935974,0.997039258480072
268,26,294,259,-0.39113864302635193,0.9983193278312683
268,28,339,381,-0.4951359033584595,0.9967080950737
269,26,294,259,-0.39043498039245605,0.9983077049255371
269,28,337,382,-0.4832514226436615,0.9965503215789795
270,26,289,257,-0.38032621145248413,0.9982610940933228
270,28,329,383,-0.41631972789764404,0.996174156665802
271,26,289,257,-0.37353309988975525,0.9981842041015625
271,28,326,384,-0.38585299253463745,0.9957766532897949
272,26,291,257,-0.3704163134098053,0.9981282353401184
272,28,325,384,-0.38354840874671936,0.9955185651779175
273,26,293,258,-0.35919466614723206,0.9980904459953308
273,28,323,385,-0.3543623089790344,0.9954059720039368
274,26,294,258,-0.34157973527908325,0.9980368614196777
274,28,318,386,-0.31565070152282715,0.9952095746994019
275,26,296,259,-0.3478013277053833,0.9979748725891113
275,28,314,388,-0.3024681806564331,0.9949707984924316
276,26,296,260,-0.3518069386482239,0.99788898229599
276,28,312,388,-0.294074147939682,0.9947002530097961
277,26,296,260,-0.35450464487075806,0.9977561235427856
277,28,311,388,-0.2877073585987091,0.9943490028381348
278,26,296,260,-0.3624403178691864,0.9976099729537964
278,28,309,388,-0.2965473234653473,0.9939658045768738
279,26,295,259,-0.3657428026199341,0.9974319934844971
279,28,308,388,-0.30103158950805664,0.9935920238494873
280,26,295,258,-0.3669494390487671,0.9972517490386963
280,28,306,388,-0.29879632592201233,0.9932374954223633
281,26,294,258,-0.37470147013664246,0.9971401691436768
281,28,304,387,-0.3060324788093567,0.9929993748664856
282,26,294,258,-0.3850714862346649,0.9970678687095642
282,28,304,387,-0.31337812542915344,0.9928251504898071
283,26,294,258,-0.3863474726676941,0.997061014175415
283,28,302,387,-0.3174925446510315,0.9927563071250916
284,26,294,258,-0.3850128948688507,0.9970349669456482
284,28,300,387,-0.3188683092594147,0.992624044418335
285,26,294,258,-0.38341057300567627,0.9970068335533142
285,28,298,387,-0.3149487376213074,0.99249666929245
286,26,294,258,-0.38054773211479187,0.9969893097877502
286,28,296,387,-0.30430513620376587,0.9924032092094421
287,26,294,259,-0.3795987665653229,0.99698406457901
287,28,294,387,-0.30481570959091187,0.9923189878463745
288,26,294,260,-0.37871289253234863,0.9969635605812073
288,28,293,387,-0.3063112795352936,0.9922002553939819
289,26,294,260,-0.37040022015571594,0.9969009160995483
289,28,292,387,-0.3064040541648865,0.9919694662094116
290,26,295,260,-0.36415863037109375,0.9968649744987488
290,28,291,387,-0.3062392771244049,0.9917807579040527
291,26,295,260,-0.3646547794342041,0.9968085289001465
291,28,289,388,-0.305730938911438,0.991529107093811
292,26,295,260,-0.36517685651779175,0.9967411756515503
292,28,289,388,-0.30547988414764404,0.9912495017051697
293,26,296,260,-0.3648655414581299,0.9966741800308228
293,28,288,388,-0.2990246117115021,0.9909324645996094
294,26,296,260,-0.36506927013397217,0.9965986013412476
294,28,287,389,-0.2977539896965027,0.9906209111213684
295,26,296,260,-0.3623217046260834,0.9965053200721741
295,28,287,389,-0.2952097952365875,0.9902793765068054
296,26,297,261,-0.3539283573627472,0.996423065662384
296,28,286,389,-0.2845154106616974,0.9899600148200989
297,26,297,262,-0.34861454367637634,0.99635249376297
297,28,286,389,-0.2783260941505432,0.9897157549858093
298,26,298,262,-0.3439221680164337,0.9963028430938721
298,28,286,390,-0.26959338784217834,0.9895328283309937
299,26,299,263,-0.34128445386886597,0.9962904453277588
299,28,286,390,-0.26516783237457275,0.9894828796386719
300,26,299,263,-0.35346654057502747,0.9963393807411194
300,28,285,392,-0.27355945110321045,0.9895878434181213
301,26,299,263,-0.3582015931606293,0.9963623285293579
301,28,285,393,-0.2830379605293274,0.9896374940872192
302,26,299,263,-0.3591577410697937,0.9963796138763428
302,28,285,393,-0.2884351313114166,0.9896429777145386
303,26,300,263,-0.35912495851516724,0.9964114427566528
303,28,285,393,-0.29024720191955566,0.9897337555885315
304,26,300,264,-0.35724830627441406,0.9964421391487122
304,28,285,393,-0.28975024819374084,0.9898595213890076
305,26,300,264,-0.3545449674129486,0.9964832663536072
305,28,285,393,-0.2878535985946655,0.9900162816047668
306,26,300,264,-0.35409897565841675,0.9965457320213318
306,28,285,393,-0.2867748439311981,0.9902344346046448
307,26,300,264,-0.3527771830558777,0.9965888261795044
307,28,285,393,-0.2852610945701599,0.9904187917709351
308,26,300,265,-0.3510330021381378,0.996597945690155
308,28,284,393,-0.28437522053718567,0.9904932379722595
309,26,300,265,-0.3476695418357849,0.996616542339325
309,28,284,393,-0.2828863263130188,0.9905707836151123
310,26,300,265,-0.34470173716545105,0.9966335296630859
310,28,284,393,-0.27998805046081543,0.9906569719314575
311,26,300,265,-0.3457580506801605,0.9966487288475037
311,28,284,393,-0.28326162695884705,0.9907034635543823
312,26,300,265,-0.34566032886505127,0.9966413378715515
312,28,284,393,-0.28322499990463257,0.9906678199768066
313,26,300,266,-0.3459903299808502,0.9966358542442322
313,28,284,393,-0.28384074568748474,0.9906479120254517
314,26,300,266,-0.3463815748691559,0.9966199994087219
314,28,284,393,-0.28315773606300354,0.9905968904495239
315,26,300,266,-0.34980544447898865,0.9966188669204712
315,28,284,393,-0.28759798407554626,0.9905850291252136
316,26,300,266,-0.35510382056236267,0.9966327548027039
316,28,284,393,-0.29569482803344727,0.9905927777290344
317,26,300,266,-0.3567773997783661,0.996646523475647
317,28,284,393,-0.29849812388420105,0.9905907511711121
318,26,300,266,-0.35835298895835876,0.9966628551483154
318,28,284,393,-0.3006354570388794,0.990593671798706
319,26,300,266,-0.35778379440307617,0.9966678619384766
319,28,285,392,-0.2988203167915344,0.9905688166618347
320,26,300,266,-0.3581494987010956,0.9966856837272644
320,28,285,392,-0.2977897524833679,0.9906012415885925
321,26,300,266,-0.35866016149520874,0.9967114329338074
321,28,285,392,-0.2973301410675049,0.9906607270240784
322,26,300,266,-0.35736849904060364,0.9967247843742371
322,28,285,392,-0.293975293636322,0.9906554818153381
323,26,300,266,-0.3524773120880127,0.9967434406280518
323,28,285,391,-0.2858279347419739,0.9906625747680664
324,26,300,266,-0.3505266308784485,0.9967641830444336
324,28,285,391,-0.2819160521030426,0.9906469583511353
325,26,300,266,-0.34845972061157227,0.9967776536941528
325,28,285,391,-0.2793160676956177,0.9906427264213562
326,26,300,266,-0.34837234020233154,0.9968050122261047
326,28,285,391,-0.27915629744529724,0.9906770586967468
327,26,300,266,-0.34800222516059875,0.9968152046203613
327,28,285,391,-0.27999570965766907,0.9906806349754333
328,26,300,266,-0.3459616005420685,0.9968134164810181
328,28,285,391,-0.27814629673957825,0.9906622767448425
329,26,300,266,-0.3446180820465088,0.9968010783195496
329,28,285,391,-0.27753424644470215,0.9906092286109924
330,26,300,267,-0.35036522150039673,0.9967617988586426
330,28,285,391,-0.27809393405914307,0.9904908537864685
331,26,300,267,-0.3510870933532715,0.9967470765113831
331,28,285,391,-0.2766255736351013,0.9904081225395203
332,26,300,267,-0.3525717258453369,0.9967291355133057
332,28,284,392,-0.2770795226097107,0.9902811646461487
333,26,300,267,-0.3533335030078888,0.9966938495635986
333,28,284,392,-0.27713510394096375,0.9900776743888855
334,26,300,267,-0.3537636995315552,0.9966621994972229
334,28,284,392,-0.2775287330150604,0.9898837208747864
335,26,300,267,-0.35527122020721436,0.9966451525688171
335,28,284,392,-0.2795643210411072,0.9897565841674805
336,26,300,267,-0.35509228706359863,0.9966109395027161
336,28,284,392,-0.28000760078430176,0.9895760416984558
337,26,300,267,-0.3552751839160919,0.9966074228286743
337,28,284,392,-0.28113940358161926,0.9895067811012268
338,26,300,267,-0.3553697466850281,0.9966241717338562
338,28,284,392,-0.28146108984947205,0.9895058870315552
339,26,300,267,-0.355093389749527,0.9966487884521484
339,28,284,392,-0.2801527678966522,0.9895212054252625
340,26,299,267,-0.3547760546207428,0.996673583984375
340,28,284,392,-0.27995356917381287,0.9895299673080444
341,26,299,267,-0.3541870713233948,0.9966956377029419
341,28,284,392,-0.2799850404262543,0.9895177483558655
342,26,299,267,-0.3530918061733246,0.9967169761657715
342,28,284,392,-0.27957624197006226,0.9895001649856567
343,26,299,267,-0.35223454236984253,0.9967342019081116
343,28,284,392,-0.27956926822662354,0.989463210105896
344,26,299,267,-0.3515935242176056,0.9967427253723145
344,28,284,392,-0.2795870304107666,0.9894071221351624
345,26,299,267,-0.351536363363266,0.9967526197433472
345,28,284,392,-0.2799190580844879,0.9893602728843689
346,26,299,267,-0.3512839674949646,0.996758222579956
346,28,284,392,-0.2800978124141693,0.9893084764480591
347,26,299,267,-0.3504328727722168,0.996749222278595
347,28,284,392,-0.27916571497917175,0.9892578721046448
348,26,298,267,-0.3500728905200958,0.9967302680015564
348,28,284,392,-0.27913880348205566,0.98919677734375
349,26,297,267,-0.3495148718357086,0.9967203736305237
349,28,284,392,-0.2788110673427582,0.9891744256019592
350,26,297,267,-0.34892088174819946,0.9967108964920044
350,28,284,392,-0.2787916660308838,0.9891315698623657
351,26,297,267,-0.34831809997558594,0.9967023730278015
351,28,284,392,-0.2788126766681671,0.9890576601028442
352,26,297,267,-0.34835541248321533,0.9966878294944763
352,28,284,392,-0.2804415822029114,0.9889615178108215
353,26,297,267,-0.34881216287612915,0.996671199798584
353,28,284,392,-0.2830914855003357,0.9888553023338318
354,26,296,267,-0.3502705991268158,0.9966537952423096
354,28,284,392,-0.2866433262825012,0.9887592792510986
355,26,297,267,-0.35038527846336365,0.9966256022453308
355,28,284,392,-0.2864720821380615,0.9886131882667542
356,26,298,267,-0.3507516384124756,0.9966010451316833
356,28,284,392,-0.28745827078819275,0.9884965419769287
357,26,298,267,-0.35139086842536926,0.9965810179710388
357,28,284,392,-0.28711479902267456,0.9884119033813477
358,26,298,267,-0.3514450788497925,0.9965602159500122
358,28,284,392,-0.28567561507225037,0.9882816076278687
359,26,298,267,-0.3507576286792755,0.9965471625328064
359,28,284,392,-0.282697468996048,0.9882077574729919
360,26,298,267,-0.3503148853778839,0.9965972900390625
360,28,284,392,-0.2801256477832794,0.9882988333702087
361,26,298,267,-0.3506159782409668,0.9966267943382263
361,28,285,392,-0.27999982237815857,0.988356351852417
362,26,298,267,-0.3518178462982178,0.9966434240341187
362,28,285,392,-0.27994993329048157,0.9883862137794495
363,26,298,267,-0.35141339898109436,0.996626615524292
363,28,286,392,-0.27850279211997986,0.988385021686554
364,26,298,267,-0.34954068064689636,0.9966099858283997
364,28,286,392,-0.27487948536872864,0.9883977770805359
365,26,299,267,-0.34766289591789246,0.9965959191322327
365,28,286,391,-0.2705618143081665,0.9884471893310547
366,26,299,266,-0.3449249267578125,0.996540367603302
366,28,286,391,-0.2709563672542572,0.9883642792701721
367,26,299,266,-0.33588048815727234,0.996533989906311
367,28,286,391,-0.26096099615097046,0.988419771194458
368,26,299,266,-0.3331149220466614,0.9965288639068604
368,28,286,391,-0.2563719153404236,0.9884376525878906
369,26,299,266,-0.32020726799964905,0.9965249300003052
369,28,286,390,-0.24232280254364014,0.9885104894638062
370,26,299,266,-0.3257249891757965,0.9965497255325317
370,28,286,390,-0.24851331114768982,0.9886944890022278
371,26,300,266,-0.3227043151855469,0.9965961575508118
371,28,286,390,-0.24401865899562836,0.9889617562294006
372,26,300,266,-0.32651811838150024,0.9966915249824524
372,28,286,390,-0.24715638160705566,0.9894309639930725
373,26,298,267,-0.3398462235927582,0.9967920184135437
373,28,285,391,-0.26075154542922974,0.9898767471313477
374,26,298,268,-0.3604881465435028,0.9968851804733276
374,28,285,392,-0.28686201572418213,0.9902832508087158
375,26,297,269,-0.3858111500740051,0.9969155788421631
375,28,285,394,-0.31273922324180603,0.9904005527496338
376,26,293,271,-0.38770052790641785,0.9969829320907593
376,28,285,395,-0.308150053024292,0.9906094074249268
377,26,294,271,-0.3906342387199402,0.9970239400863647
377,28,284,395,-0.3264845013618469,0.9907276034355164
378,26,295,271,-0.39043980836868286,0.9970556497573853
378,28,283,395,-0.3276166021823883,0.990777850151062
379,26,295,271,-0.39027318358421326,0.9971174001693726
379,28,283,395,-0.3288924992084503,0.991007924079895
380,26,296,270,-0.39103347063064575,0.9972474575042725
380,28,283,394,-0.3422016501426697,0.9914735555648804
381,26,296,270,-0.3939928412437439,0.9973753094673157
381,28,282,394,-0.36129409074783325,0.991929292678833
382,26,297,270,-0.3916162848472595,0.9974939823150635
382,28,282,394,-0.3599974513053894,0.9924026727676392
383,26,295,271,-0.3948332667350769,0.9976263046264648
383,28,282,394,-0.3810870051383972,0.9928958415985107
384,26,294,271,-0.39887335896492004,0.9977626204490662
384,28,282,394,-0.39585480093955994,0.9933878183364868
385,26,294,271,-0.4028890132904053,0.9978819489479065
385,28,282,394,-0.40398338437080383,0.9938175678253174
386,26,294,271,-0.4071718752384186,0.9980097413063049
386,28,282,394,-0.4161108136177063,0.9942776560783386
387,26,294,271,-0.4110599458217621,0.9981292486190796
387,28,282,394,-0.42079654335975647,0.994705319404602
388,26,294,271,-0.4187895357608795,0.9982354044914246
388,28,282,394,-0.42825084924697876,0.9950899481773376
389,26,294,271,-0.42067933082580566,0.9983333349227905
389,28,282,394,-0.4295487701892853,0.9954425692558289
390,26,294,271,-0.42486298084259033,0.9984269738197327
390,28,282,394,-0.43728700280189514,0.9957730174064636
391,26,294,271,-0.4273622930049896,0.9985227584838867
391,28,282,394,-0.44463199377059937,0.9960883855819702
392,26,294,271,-0.4306006133556366,0.9986007213592529
392,28,282,394,-0.4601832926273346,0.996365487575531
393,26,294,271,-0.42863571643829346,0.9986749887466431
393,28,282,394,-0.45614930987358093,0.9966318607330322
394,26,294,271,-0.4263359606266022,0.9987494945526123
394,28,283,394,-0.45901280641555786,0.9968873858451843
395,26,294,271,-0.42516934871673584,0.998820424079895
395,28,283,393,-0.4570557475090027,0.9971200823783875
396,26,294,271,-0.4221254289150238,0.9988841414451599
396,28,283,393,-0.4534115791320801,0.9973304271697998
397,26,294,271,-0.4203602373600006,0.9989445805549622
397,28,283,393,-0.4519280195236206,0.997524082660675
398,26,294,271,-0.4201154410839081,0.9990009069442749
398,28,283,393,-0.4562672972679138,0.9976964592933655
399,26,294,271,-0.41995471715927124,0.9990543723106384
399,28,283,393,-0.45884692668914795,0.9978572726249695
400,26,294,271,-0.42002493143081665,0.9990969300270081
400,28,283,393,-0.4660933017730713,0.9979899525642395
401,26,294,271,-0.4196593761444092,0.9991358518600464
401,28,283,393,-0.4680052399635315,0.9981096386909485
402,26,294,271,-0.41957736015319824,0.9991730451583862
402,28,283,393,-0.4663628339767456,0.9982240796089172
403,26,294,271,-0.4201819896697998,0.99920654296875
403,28,283,393,-0.47123298048973083,0.9983217716217041
404,26,294,272,-0.4200890362262726,0.9992367625236511
404,28,283,393,-0.47129908204078674,0.998405933380127
405,26,294,272,-0.4188644587993622,0.9992613792419434
405,28,283,393,-0.47011226415634155,0.9984843134880066
406,26,294,272,-0.4144167900085449,0.9992832541465759
406,28,283,393,-0.46274715662002563,0.9985548853874207
407,26,294,272,-0.4104180634021759,0.9993056058883667
407,28,283,393,-0.4542834460735321,0.9986240863800049
408,26,294,272,-0.406637579202652,0.9993338584899902
408,28,283,393,-0.4499913454055786,0.9987013936042786
409,26,294,272,-0.40688201785087585,0.9993599057197571
409,28,283,393,-0.4506901204586029,0.9987694025039673
410,26,294,272,-0.4054662585258484,0.999386191368103
410,28,283,393,-0.4482944905757904,0.9988358020782471
411,26,294,272,-0.404279500246048,0.9994088411331177
411,28,283,393,-0.44595617055892944,0.9988881945610046
412,26,294,272,-0.40394285321235657,0.9994322061538696
412,28,283,393,-0.44646263122558594,0.9989400506019592
413,26,294,272,-0.4038357734680176,0.9994497299194336
413,28,283,393,-0.44624781608581543,0.9989809989929199
414,26,294,272,-0.4041967988014221,0.9994619488716125
414,28,283,393,-0.4455767273902893,0.9990130662918091
415,26,294,272,-0.4064923822879791,0.9994755983352661
415,28,283,393,-0.4469996392726898,0.9990467429161072
416,26,294,272,-0.40866488218307495,0.9994861483573914
416,28,283,393,-0.4487311542034149,0.9990752935409546
417,26,294,272,-0.41192078590393066,0.9995003938674927
417,28,283,393,-0.4523133337497711,0.9991088509559631
418,26,294,272,-0.41320091485977173,0.9995148181915283
418,28,283,392,-0.45355895161628723,0.9991406798362732
419,26,294,271,-0.4146132469177246,0.9995258450508118
419,28,283,392,-0.4551202356815338,0.9991642832756042
420,26,294,271,-0.4179939031600952,0.9995349049568176
420,28,283,392,-0.4582388401031494,0.9991912245750427
421,26,295,271,-0.42331692576408386,0.9995415806770325
421,28,283,392,-0.46246299147605896,0.9992144107818604
422,26,295,271,-0.42550137639045715,0.9995510578155518
422,28,283,392,-0.4650779664516449,0.9992450475692749
423,26,299,271,-0.42601728439331055,0.9995564222335815
423,28,283,392,-0.46500468254089355,0.9992679357528687
424,26,300,270,-0.42517831921577454,0.9995598793029785
424,28,283,392,-0.4644930958747864,0.9992857575416565
425,26,299,270,-0.42606720328330994,0.9995647668838501
425,28,283,392,-0.46653032302856445,0.999305248260498
426,26,298,270,-0.4256371259689331,0.9995704293251038
426,28,283,391,-0.4660854637622833,0.999325156211853
427,26,297,269,-0.42518413066864014,0.9995733499526978
427,28,283,391,-0.46595871448516846,0.9993367195129395
428,26,297,269,-0.4236806035041809,0.9995803833007812
428,28,283,391,-0.4656549096107483,0.9993512034416199
429,26,297,269,-0.42254766821861267,0.9995848536491394
429,28,283,391,-0.46562138199806213,0.9993597269058228
430,26,296,268,-0.4221695363521576,0.999589741230011
430,28,283,391,-0.46547892689704895,0.9993680715560913
431,26,296,268,-0.4227370023727417,0.9995976090431213
431,28,283,391,-0.46822893619537354,0.9993722438812256
432,26,296,268,-0.4226856231689453,0.9996052384376526
432,28,283,391,-0.4695264995098114,0.9993707537651062
433,26,295,268,-0.42574793100357056,0.999612033367157
433,28,283,391,-0.4764503538608551,0.9993624091148376
434,26,295,268,-0.4260793626308441,0.9996188282966614
434,28,283,391,-0.4750620722770691,0.9993566870689392
435,26,295,268,-0.4263978898525238,0.9996264576911926
435,28,283,391,-0.4748925566673279,0.9993541836738586
436,26,295,268,-0.4248393774032593,0.999631941318512
436,28,283,391,-0.4745446443557739,0.9993470907211304
437,26,295,268,-0.4205664396286011,0.9996379017829895
437,28,283,391,-0.46597546339035034,0.999344527721405
438,26,295,268,-0.4139091670513153,0.9996426105499268
438,28,283,391,-0.456137090921402,0.9993318915367126
439,26,295,268,-0.4080365002155304,0.9996497631072998
439,28,283,391,-0.44833680987358093,0.9993268251419067
440,26,295,268,-0.39947837591171265,0.9996566772460938
440,28,283,391,-0.4339848756790161,0.9993288516998291
441,26,295,268,-0.400293231010437,0.9996631145477295
441,28,283,390,-0.43758097290992737,0.9993312954902649
442,26,295,268,-0.4024750590324402,0.9996657371520996
442,28,283,390,-0.4415820240974426,0.9993223547935486
443,26,295,268,-0.4038791358470917,0.9996710419654846
443,28,283,390,-0.44297823309898376,0.9993265867233276
444,26,295,268,-0.4020252525806427,0.9996764063835144
444,28,283,390,-0.43555352091789246,0.9993356466293335
445,26,295,268,-0.40052518248558044,0.9996784329414368
445,28,283,390,-0.431803435087204,0.9993377327919006
446,26,295,268,-0.3975885212421417,0.9996826648712158
446,28,283,390,-0.4276617765426636,0.9993418455123901
447,26,295,268,-0.3969135880470276,0.9996861219406128
447,28,283,390,-0.42418497800827026,0.9993500113487244
448,26,295,268,-0.39698171615600586,0.9996889233589172
448,28,283,390,-0.42306238412857056,0.9993565678596497
449,26,295,268,-0.39718493819236755,0.999691903591156
449,28,283,390,-0.42639297246932983,0.9993639588356018
450,26,295,268,-0.4014551639556885,0.9996926188468933
450,28,283,390,-0.4324445128440857,0.999367892742157
451,26,295,268,-0.40324491262435913,0.9996929168701172
451,28,283,390,-0.4353608191013336,0.9993712902069092
452,26,295,268,-0.4060845673084259,0.9996935129165649
452,28,283,390,-0.44103166460990906,0.9993728399276733
453,26,295,268,-0.4125269651412964,0.9996954202651978
453,28,283,390,-0.44755762815475464,0.9993783831596375
454,26,294,268,-0.4155711531639099,0.9996975064277649
454,28,283,390,-0.45095494389533997,0.9993830323219299
455,26,294,268,-0.4184601306915283,0.9997006058692932
455,28,283,390,-0.4542771577835083,0.9993895292282104
456,26,294,268,-0.4188901484012604,0.9997044205665588
456,28,283,390,-0.4548235833644867,0.9993963241577148
457,26,294,268,-0.41979268193244934,0.9997085928916931
457,28,283,390,-0.45629000663757324,0.9994016289710999
458,26,294,267,-0.42047759890556335,0.9997125864028931
458,28,283,390,-0.4570085108280182,0.9994063973426819
459,26,294,267,-0.4210929274559021,0.9997153282165527
459,28,283,390,-0.45769554376602173,0.9994105100631714
460,26,294,267,-0.42145562171936035,0.9997174143791199
460,28,283,390,-0.45692548155784607,0.9994155168533325
461,26,294,267,-0.42459169030189514,0.9997196793556213
461,28,283,390,-0.46047869324684143,0.9994196891784668
462,26,294,267,-0.4273413419723511,0.999722957611084
462,28,283,390,-0.4629058241844177,0.9994249939918518
463,26,294,267,-0.42825841903686523,0.9997245669364929
463,28,283,390,-0.4636469781398773,0.9994269013404846
464,26,294,267,-0.42852506041526794,0.9997271299362183
464,28,283,390,-0.4633827209472656,0.9994304180145264
465,26,294,267,-0.42853933572769165,0.9997283816337585
465,28,283,390,-0.4636223614215851,0.9994295835494995
466,26,294,267,-0.42892900109291077,0.9997287392616272
466,28,283,390,-0.46458160877227783,0.9994264245033264
467,26,294,267,-0.42992958426475525,0.9997296333312988
467,28,283,390,-0.46703800559043884,0.9994263648986816
468,26,294,267,-0.4310457706451416,0.9997302889823914
468,28,283,390,-0.46935179829597473,0.9994269013404846
469,26,294,267,-0.433593213558197,0.9997308850288391
469,28,283,390,-0.47434568405151367,0.9994276762008667
470,26,294,267,-0.43603911995887756,0.9997296929359436
470,28,283,390,-0.4814417064189911,0.999421238899231
471,26,294,267,-0.4351956248283386,0.999727725982666
471,28,283,390,-0.4780934453010559,0.9994124174118042
472,26,294,267,-0.4373878240585327,0.9997255206108093
472,28,283,390,-0.4815090596675873,0.9994121193885803
473,26,294,267,-0.4403996765613556,0.9997255802154541
473,28,283,390,-0.4830486476421356,0.9994195103645325
474,26,294,267,-0.4427827298641205,0.9997246265411377
474,28,283,391,-0.48620566725730896,0.9994211792945862
475,26,294,267,-0.4415847063064575,0.999725341796875
475,28,283,391,-0.4847477376461029,0.9994268417358398
476,26,294,267,-0.44078075885772705,0.999724805355072
476,28,283,391,-0.48184841871261597,0.9994370937347412
477,26,294,267,-0.4412281811237335,0.9997225403785706
477,28,283,391,-0.4815804958343506,0.9994486570358276
478,26,294,268,-0.4411153197288513,0.9997113347053528
478,28,283,391,-0.48144426941871643,0.9994434118270874
479,26,294,270,-0.44107624888420105,0.9996932148933411
479,28,283,392,-0.4809935688972473,0.9994252324104309
480,26,294,270,-0.44235268235206604,0.9996729493141174
480,28,283,392,-0.49448227882385254,0.9994021058082581
481,26,294,270,-0.44215768575668335,0.9996484518051147
481,28,283,392,-0.49223482608795166,0.9993683099746704
482,26,294,271,-0.4344031512737274,0.9996283054351807
482,28,282,392,-0.48641437292099,0.9993415474891663
483,26,294,270,-0.4242127537727356,0.9996197819709778
483,28,282,393,-0.47031286358833313,0.9993329048156738
484,26,295,271,-0.42139264941215515,0.999614417552948
484,28,282,393,-0.4668358862400055,0.9993290305137634
485,26,295,270,-0.4149920344352722,0.9996047019958496
485,28,282,393,-0.460509330034256,0.9993189573287964
486,26,295,271,-0.4135730266571045,0.9995924234390259
486,28,282,393,-0.45837050676345825,0.9993053078651428
487,26,295,270,-0.4123479723930359,0.9995812177658081
487,28,282,393,-0.4599689841270447,0.999297559261322
488,26,268,274,-0.41167184710502625,0.999565839767456
488,28,282,393,-0.46081992983818054,0.9992775321006775
489,26,282,273,-0.41388604044914246,0.9995511770248413
489,28,282,393,-0.45889103412628174,0.9992659091949463
490,26,288,272,-0.4151216447353363,0.9995368719100952
490,28,282,393,-0.4600229859352112,0.9992504715919495
491,26,291,272,-0.41570398211479187,0.9995258450508118
491,28,282,393,-0.45926564931869507,0.9992361664772034
492,26,293,272,-0.4179845452308655,0.9995232224464417
492,28,282,393,-0.4545125663280487,0.9992402791976929
493,26,293,271,-0.42227432131767273,0.9995233416557312
493,28,282,393,-0.4527694880962372,0.9992477297782898
494,26,294,271,-0.4229586720466614,0.9995262026786804
494,28,282,392,-0.45253700017929077,0.9992527365684509
495,26,294,271,-0.42571017146110535,0.9995281100273132
495,28,282,393,-0.45321884751319885,0.9992498159408569
496,26,294,271,-0.42560145258903503,0.9995250105857849
496,28,282,393,-0.4507683217525482,0.9992330074310303
497,26,294,271,-0.42556869983673096,0.9995178580284119
497,28,282,393,-0.44265276193618774,0.9992120265960693
498,26,294,271,-0.4250187277793884,0.9995087385177612
498,28,282,393,-0.4422386884689331,0.9991822838783264
499,26,294,270,-0.4252575933933258,0.9994983673095703
499,28,282,393,-0.44251489639282227,0.9991523623466492
500,26,294,270,-0.4252152740955353,0.999485433101654
500,28,282,393,-0.44170835614204407,0.9991217851638794
501,26,294,270,-0.4226318597793579,0.9994691014289856
501,28,282,393,-0.42321333289146423,0.9990885853767395
502,26,294,270,-0.42091089487075806,0.9994503259658813
502,28,282,393,-0.4202879071235657,0.9990432858467102
503,26,294,270,-0.41763386130332947,0.9994143843650818
503,28,282,393,-0.41917210817337036,0.9989672899246216
504,26,294,271,-0.4118565618991852,0.9993569254875183
504,28,282,393,-0.4150388240814209,0.9988608360290527
505,26,294,271,-0.40835514664649963,0.9993077516555786
505,28,282,394,-0.41048550605773926,0.9987824559211731
506,26,295,271,-0.397763192653656,0.9992492198944092
506,28,282,394,-0.3992268443107605,0.9987064003944397
507,26,295,271,-0.397541344165802,0.999204695224762
507,28,282,394,-0.40090182423591614,0.998641848564148
508,26,295,271,-0.40098491311073303,0.9991325736045837
508,28,281,394,-0.40249353647232056,0.9985048174858093
509,26,295,271,-0.4014662504196167,0.9990584254264832
509,28,281,394,-0.4034760296344757,0.9983576536178589
510,26,294,272,-0.38651224970817566,0.9989594221115112
510,28,281,394,-0.3491111993789673,0.9981130957603455
511,26,294,272,-0.38756683468818665,0.9988816380500793
511,28,281,394,-0.33914151787757874,0.9978615641593933
512,26,294,272,-0.383829265832901,0.9987964630126953
512,28,281,394,-0.3252430260181427,0.997580349445343
513,26,296,272,-0.3786280155181885,0.9987277984619141
513,28,281,393,-0.3149428069591522,0.9973143339157104
514,26,297,272,-0.36521339416503906,0.9986568689346313
514,28,281,392,-0.2948816120624542,0.997039794921875
515,26,297,272,-0.3666217625141144,0.9985923767089844
515,28,281,392,-0.29645171761512756,0.9968191385269165
516,26,297,272,-0.3668203055858612,0.9985265731811523
516,28,281,392,-0.29538753628730774,0.996638298034668
517,26,297,272,-0.3686283528804779,0.99846351146698
517,28,282,392,-0.2984994947910309,0.9964555501937866
518,26,297,272,-0.37131467461586,0.9984053373336792
518,28,282,392,-0.3003048002719879,0.9963119626045227
519,26,297,271,-0.37146952748298645,0.9983536601066589
519,28,283,392,-0.29988977313041687,0.9961827397346497
520,26,297,270,-0.36878502368927,0.9982916116714478
520,28,283,392,-0.2951934039592743,0.9960335493087769
521,26,297,270,-0.3598634898662567,0.9982388615608215
521,28,284,392,-0.28108176589012146,0.9959234595298767
522,26,297,268,-0.355024129152298,0.9981780648231506
522,28,284,390,-0.2772815525531769,0.995831310749054
523,26,299,267,-0.35113826394081116,0.9980846047401428
523,28,284,390,-0.27228984236717224,0.9955821633338928
524,26,301,267,-0.3428764343261719,0.9979731440544128
524,28,284,389,-0.264641135931015,0.9953539371490479
525,26,301,266,-0.3464507758617401,0.9978870749473572
525,28,284,389,-0.2665896415710449,0.9951253533363342
526,26,301,266,-0.34848296642303467,0.9978216290473938
526,28,284,389,-0.2732584476470947,0.9949899315834045
527,26,301,265,-0.34880533814430237,0.9977684020996094
527,28,284,389,-0.27924033999443054,0.994877278804779
528,26,301,265,-0.34886932373046875,0.9977325797080994
528,28,284,389,-0.28283601999282837,0.9948086738586426
529,26,301,265,-0.3498476445674896,0.9977115988731384
529,28,284,389,-0.2932560443878174,0.9947530031204224
530,26,301,265,-0.35040926933288574,0.9977018237113953
530,28,284,388,-0.30097121000289917,0.9947269558906555
531,26,300,265,-0.35094204545021057,0.9976959228515625
531,28,284,388,-0.3065491318702698,0.994710385799408
532,26,300,264,-0.351066917181015,0.9976909756660461
532,28,284,388,-0.3043736219406128,0.9947016835212708
533,26,299,264,-0.35111767053604126,0.9976824522018433
533,28,284,388,-0.3048867881298065,0.9946997761726379
534,26,299,264,-0.35000285506248474,0.9976758360862732
534,28,284,388,-0.30493247509002686,0.9946845769882202
535,26,299,264,-0.3489265739917755,0.9976746439933777
535,28,284,388,-0.30411022901535034,0.9946958422660828
536,26,299,264,-0.3486056923866272,0.9976841807365417
536,28,284,388,-0.3039184808731079,0.994739830493927
537,26,299,264,-0.34876561164855957,0.9976866245269775
537,28,284,388,-0.3032384216785431,0.9947700500488281
538,26,299,264,-0.34856000542640686,0.9976759552955627
538,28,284,388,-0.30278727412223816,0.9947673678398132
539,26,299,264,-0.3482387363910675,0.9976668953895569
539,28,284,388,-0.301643043756485,0.9947562217712402
540,26,299,265,-0.3441605865955353,0.9975737929344177
540,28,285,389,-0.2765249013900757,0.9945729374885559
541,26,299,266,-0.3444918096065521,0.9974851608276367
541,28,285,389,-0.2731577455997467,0.994393527507782
542,26,299,267,-0.3449336588382721,0.9974160194396973
542,28,286,389,-0.27368149161338806,0.994235634803772
543,26,299,267,-0.3455583453178406,0.9973462224006653
543,28,286,390,-0.2774335443973541,0.9940942525863647
544,26,299,267,-0.3451123535633087,0.9972641468048096
544,28,286,390,-0.27895182371139526,0.9939100742340088
545,26,299,267,-0.3452691435813904,0.9972253441810608
545,28,286,390,-0.28788188099861145,0.9938293695449829
546,26,299,267,-0.34762123227119446,0.9972044229507446
546,28,286,390,-0.29489147663116455,0.993792712688446
547,26,299,267,-0.34834855794906616,0.9972109198570251
547,28,286,390,-0.30172714591026306,0.9938186407089233
548,26,299,267,-0.34846562147140503,0.9972001910209656
548,28,286,390,-0.29941532015800476,0.9938111901283264
549,26,299,267,-0.34741559624671936,0.997201681137085
549,28,286,390,-0.29805782437324524,0.9937975406646729
550,26,299,267,-0.3467959761619568,0.9972007870674133
550,28,286,390,-0.2951572835445404,0.9937785267829895
551,26,299,267,-0.3474353551864624,0.9972013831138611
551,28,286,390,-0.29397040605545044,0.9937540888786316
552,26,299,267,-0.34743985533714294,0.9972027540206909
552,28,286,390,-0.2928401529788971,0.9937220811843872
553,26,298,267,-0.3472277820110321,0.9971955418586731
553,28,286,390,-0.28694793581962585,0.9936748147010803
554,26,298,267,-0.34546977281570435,0.9971970915794373
554,28,286,390,-0.2820921838283539,0.9936579465866089
555,26,298,267,-0.3446379601955414,0.9971958994865417
555,28,286,390,-0.2823118269443512,0.9936413764953613
556,26,298,267,-0.3438597321510315,0.997189998626709
556,28,286,390,-0.2801774740219116,0.9935875535011292
557,26,298,267,-0.3439599275588989,0.9971928000450134
557,28,286,390,-0.27941980957984924,0.9935513138771057
558,26,298,267,-0.34400343894958496,0.9971936345100403
558,28,286,390,-0.2782883644104004,0.9934901595115662
559,26,298,267,-0.34381532669067383,0.9971809983253479
559,28,286,390,-0.2751981317996979,0.9933866262435913
560,26,298,267,-0.34133386611938477,0.9971669912338257
560,28,286,390,-0.268958181142807,0.9932629466056824
561,26,298,267,-0.33852192759513855,0.9971664547920227
561,28,286,390,-0.26540204882621765,0.9931986331939697
562,26,298,267,-0.33532804250717163,0.9971579313278198
562,28,286,390,-0.2625027894973755,0.9931336641311646
563,26,298,267,-0.3319445550441742,0.9971361756324768
563,28,286,390,-0.26142460107803345,0.9930447936058044
564,26,298,267,-0.3307987153530121,0.9971020221710205
564,28,286,390,-0.2630592882633209,0.992917537689209
565,26,298,267,-0.33069267868995667,0.9970480799674988
565,28,286,390,-0.2639741599559784,0.9927248954772949
566,26,298,267,-0.33062514662742615,0.9970090985298157
566,28,286,390,-0.26498955488204956,0.9925366044044495
567,26,299,267,-0.3275100886821747,0.9969640970230103
567,28,286,390,-0.2657582759857178,0.9923419952392578
568,26,299,268,-0.32753267884254456,0.9969108700752258
568,28,286,390,-0.2662198841571808,0.9921094179153442
569,26,300,268,-0.32642364501953125,0.9967871904373169
569,28,287,390,-0.26658281683921814,0.9917508363723755
570,26,300,267,-0.33499717712402344,0.9967148303985596
570,28,288,390,-0.2837906777858734,0.9915223121643066
571,26,300,267,-0.3376932740211487,0.9966518878936768
571,28,288,390,-0.28692203760147095,0.9913355112075806
572,26,300,267,-0.33817216753959656,0.9965324401855469
572,28,288,390,-0.28544872999191284,0.9910148978233337
573,26,300,267,-0.3408645689487457,0.9964078664779663
573,28,288,390,-0.28598687052726746,0.9906919002532959
574,26,300,267,-0.34026211500167847,0.9962760210037231
574,28,288,390,-0.2852761149406433,0.9903442859649658
575,26,300,267,-0.33997809886932373,0.9961183071136475
575,28,288,390,-0.2819789946079254,0.9899886846542358
576,26,300,267,-0.33282625675201416,0.9959648847579956
576,28,289,390,-0.2670142948627472,0.9896246790885925
577,26,300,267,-0.33300209045410156,0.9958102703094482
577,28,289,390,-0.26863110065460205,0.9892676472663879
578,26,300,267,-0.33313149213790894,0.9956690669059753
578,28,289,390,-0.26956427097320557,0.9889305830001831
579,26,300,267,-0.3322029411792755,0.995535671710968
579,28,289,390,-0.26993227005004883,0.9886163473129272
580,26,300,267,-0.3272426426410675,0.995396077632904
580,28,289,390,-0.2625308036804199,0.9882578253746033
581,26,301,267,-0.32410621643066406,0.9952689409255981
581,28,289,390,-0.2587987780570984,0.9879766702651978
582,26,301,267,-0.32484182715415955,0.995184063911438
582,28,289,390,-0.2604328989982605,0.9877609610557556
583,26,301,267,-0.32404184341430664,0.9950900077819824
583,28,289,389,-0.2585538923740387,0.9875303506851196
584,26,301,267,-0.32431429624557495,0.9950045943260193
584,28,289,389,-0.2596200406551361,0.9872739315032959
585,26,301,267,-0.3246493935585022,0.9949533343315125
585,28,289,389,-0.25946831703186035,0.9871048331260681
586,26,303,267,-0.31486356258392334,0.9948617219924927
586,28,290,389,-0.24675898253917694,0.9869078397750854
587,26,304,267,-0.3164300322532654,0.9948212504386902
587,28,290,389,-0.2495436817407608,0.9868569374084473
588,26,305,267,-0.3101135194301605,0.994749128818512
588,28,290,389,-0.2401871383190155,0.986748456954956
589,26,306,267,-0.30724138021469116,0.9946886897087097
589,28,290,389,-0.23632709681987762,0.9866494536399841
590,26,306,267,-0.30616888403892517,0.994663655757904
590,28,290,389,-0.23623445630073547,0.9866251349449158
591,26,306,267,-0.3027154803276062,0.9946178793907166
591,28,290,389,-0.232356995344162,0.9864858984947205
592,26,306,267,-0.3045128285884857,0.9946367144584656
592,28,291,389,-0.23428092896938324,0.9864053726196289
593,26,306,267,-0.3060610890388489,0.9946266412734985
593,28,291,389,-0.2358192354440689,0.9861278533935547
594,26,306,267,-0.3068523406982422,0.9945634007453918
594,28,291,389,-0.2365577220916748,0.9858671426773071
595,26,306,267,-0.304781973361969,0.9944850206375122
595,28,292,388,-0.23436518013477325,0.9855751991271973
596,26,306,267,-0.3047783374786377,0.9944851994514465
596,28,292,388,-0.23510342836380005,0.985446035861969
597,26,306,267,-0.3015677332878113,0.9944968223571777
597,28,293,388,-0.234796404838562,0.985292375087738
598,26,306,266,-0.3052131235599518,0.9944917559623718
598,28,293,388,-0.24013899266719818,0.985039234161377
599,26,306,266,-0.3174245357513428,0.9945524334907532
599,28,294,388,-0.24902352690696716,0.985054612159729
600,26,305,266,-0.328849732875824,0.9946854710578918
600,28,294,388,-0.26037344336509705,0.9853836894035339
601,26,304,266,-0.33416980504989624,0.9948037266731262
601,28,295,388,-0.26819103956222534,0.9856457114219666
602,26,305,266,-0.3380512297153473,0.9948927164077759
602,28,296,388,-0.26943907141685486,0.9857912063598633
603,26,305,266,-0.33530858159065247,0.9949715733528137
603,28,297,388,-0.26868826150894165,0.9859249591827393
604,26,304,266,-0.3423923850059509,0.9949869513511658
604,28,297,388,-0.2759539484977722,0.9857954382896423
605,26,305,265,-0.3391954004764557,0.9949926137924194
605,28,297,388,-0.2744383215904236,0.9856622815132141
606,26,304,265,-0.3428266942501068,0.9950454235076904
606,28,298,389,-0.27690160274505615,0.9857346415519714
607,26,303,265,-0.34884196519851685,0.9951364398002625
607,28,298,389,-0.28633588552474976,0.9859535694122314
608,26,302,265,-0.3487914204597473,0.995196521282196
608,28,299,389,-0.29055339097976685,0.9860449433326721
609,26,302,265,-0.34655696153640747,0.9952558875083923
609,28,300,389,-0.2859823703765869,0.9862145781517029
610,26,302,265,-0.34477245807647705,0.9953606724739075
610,28,302,390,-0.2847708463668823,0.9865099191665649
611,26,303,265,-0.3406056761741638,0.9954677820205688
611,28,304,390,-0.28405457735061646,0.9867894053459167
612,26,305,264,-0.33285608887672424,0.9955177903175354
612,28,306,391,-0.28395697474479675,0.986937940120697
613,26,306,264,-0.33050522208213806,0.9955649971961975
613,28,309,391,-0.28607651591300964,0.9870837330818176
614,26,306,264,-0.3309256136417389,0.9955892562866211
614,28,313,392,-0.29900988936424255,0.9870725274085999
615,26,306,264,-0.3295474946498871,0.9956532716751099
615,28,316,392,-0.30246976017951965,0.9871485233306885
616,26,306,264,-0.33286014199256897,0.9957699775695801
616,28,317,393,-0.3147730827331543,0.9874314665794373
617,26,306,264,-0.32970672845840454,0.9958361387252808
617,28,319,393,-0.30715644359588623,0.9876000285148621
618,26,306,265,-0.32257312536239624,0.995837926864624
618,28,321,393,-0.30644190311431885,0.9874831438064575
619,26,306,265,-0.3238573968410492,0.9959115982055664
619,28,323,393,-0.30414414405822754,0.9876524209976196
620,26,306,265,-0.3278561234474182,0.9959654211997986
620,28,326,393,-0.309895783662796,0.9877771139144897
621,26,306,266,-0.3378812372684479,0.996040403842926
621,28,328,394,-0.3213561773300171,0.9879674315452576
622,26,305,267,-0.33881139755249023,0.9960381388664246
622,28,334,394,-0.3340170085430145,0.9878877401351929
623,26,304,268,-0.34038376808166504,0.9960740804672241
623,28,338,394,-0.351731538772583,0.9879030585289001
624,26,304,268,-0.3336988091468811,0.9961156249046326
624,28,342,394,-0.347452849149704,0.988057553768158
625,26,303,268,-0.3233892321586609,0.9960909485816956
625,28,345,394,-0.344217985868454,0.9880646467208862
626,26,303,268,-0.3151523768901825,0.9960368871688843
626,28,348,394,-0.3456744849681854,0.9881420135498047
627,26,303,268,-0.3109103739261627,0.9959444403648376
627,28,349,394,-0.35033518075942993,0.988092303276062
628,26,303,269,-0.3089679181575775,0.9956296682357788
628,28,352,394,-0.3729987144470215,0.9875566959381104
629,26,302,269,-0.3095526695251465,0.9951871633529663
629,28,354,394,-0.38866353034973145,0.9868143796920776
630,26,302,269,-0.30572283267974854,0.9944402575492859
630,28,356,391,-0.40534156560897827,0.9854378700256348
631,26,302,269,-0.30577173829078674,0.994010329246521
631,28,360,391,-0.4107419550418854,0.9847486019134521
632,26,302,269,-0.3069372773170471,0.99367356300354
632,28,364,389,-0.4349096417427063,0.9841999411582947
633,26,303,269,-0.30397820472717285,0.9935999512672424
633,28,370,386,-0.4464989900588989,0.9841784834861755
634,26,304,269,-0.2949799597263336,0.9935512542724609
634,28,376,386,-0.4343746602535248,0.9842473268508911
635,26,304,269,-0.29732590913772583,0.9934670329093933
635,28,378,384,-0.46347978711128235,0.9839989542961121
636,26,304,269,-0.3023258447647095,0.9932076930999756
636,28,377,381,-0.490710586309433,0.9829386472702026
637,26,303,269,-0.30712398886680603,0.9931167364120483
637,28,378,376,-0.5132981538772583,0.9824979305267334
638,26,303,269,-0.30934402346611023,0.9931193590164185
638,28,380,373,-0.5040631294250488,0.9824692010879517
639,26,303,269,-0.3122220039367676,0.9931624531745911
639,28,381,369,-0.510139524936676,0.9825050234794617
640,26,303,269,-0.31280067563056946,0.9932050704956055
640,28,383,369,-0.5112999081611633,0.9824889898300171
641,26,303,269,-0.3155880272388458,0.9931996464729309
641,28,384,367,-0.5149413347244263,0.9822917580604553
642,26,302,269,-0.32249873876571655,0.9931272864341736
642,28,385,365,-0.5344367623329163,0.9819297790527344
643,26,302,268,-0.32303109765052795,0.9930830001831055
643,28,389,362,-0.5407156944274902,0.9815713167190552
644,26,302,268,-0.3226858973503113,0.9931398630142212
644,28,392,360,-0.5327315926551819,0.9815388917922974
645,26,301,267,-0.321780264377594,0.9931275248527527
645,28,394,357,-0.5357673168182373,0.9812562465667725
646,26,299,267,-0.32144632935523987,0.9933522939682007
646,28,396,354,-0.535414457321167,0.9817951917648315
647,26,297,266,-0.3194778859615326,0.9933514595031738
647,28,396,353,-0.530476450920105,0.9818143248558044
648,26,297,266,-0.31472569704055786,0.9934548139572144
648,28,400,352,-0.5308834314346313,0.9820976257324219
649,26,297,266,-0.31498950719833374,0.9933153390884399
649,28,398,350,-0.5371361970901489,0.9815582633018494
650,26,296,266,-0.31508317589759827,0.9933916330337524
650,28,401,347,-0.5402125716209412,0.9817407727241516
651,26,296,266,-0.3198051452636719,0.9934298992156982
651,28,403,345,-0.5509105920791626,0.9818160533905029
652,26,295,265,-0.32695072889328003,0.9933502674102783
652,28,403,342,-0.5616430044174194,0.9815517067909241
653,26,295,265,-0.3320128917694092,0.9930396676063538
653,28,403,339,-0.5682424306869507,0.980587899684906
654,26,295,264,-0.3330894708633423,0.992699146270752
654,28,404,338,-0.5661690831184387,0.9795957803726196
655,26,294,264,-0.33298444747924805,0.9924634099006653
655,28,404,335,-0.5611026883125305,0.9790712594985962
656,26,293,264,-0.331723153591156,0.9924108386039734
656,28,406,333,-0.5577337145805359,0.9790963530540466
657,26,292,264,-0.3322735130786896,0.9922980666160583
657,28,407,331,-0.5561653971672058,0.9789057374000549
658,26,292,264,-0.33254295587539673,0.9921771287918091
658,28,410,329,-0.555098295211792,0.9783510565757751
659,26,292,266,-0.33239486813545227,0.9918381571769714
659,28,410,328,-0.5513729453086853,0.9771320819854736
660,26,292,265,-0.34461137652397156,0.9915669560432434
660,28,413,326,-0.5902000069618225,0.9753117561340332
661,26,293,267,-0.3586599826812744,0.991319477558136
661,28,412,323,-0.6267841458320618,0.9731558561325073
662,26,293,265,-0.3516100347042084,0.9914619326591492
662,28,415,322,-0.5999586582183838,0.973315417766571
663,26,292,264,-0.34836751222610474,0.9916185140609741
663,28,416,321,-0.5934696793556213,0.9735394716262817
664,26,292,263,-0.3360576629638672,0.9919006824493408
664,28,418,321,-0.5685770511627197,0.9744317531585693
665,26,292,263,-0.329050749540329,0.9920703172683716
665,28,419,320,-0.5551376342773438,0.9750702381134033
666,26,292,263,-0.3333022892475128,0.9922698736190796
666,28,418,319,-0.575618326663971,0.9757121801376343
667,26,293,262,-0.3374885618686676,0.9924304485321045
667,28,418,317,-0.589542806148529,0.9761183857917786
668,26,293,262,-0.33866065740585327,0.992523729801178
668,28,420,315,-0.5880274772644043,0.9763796925544739
669,26,292,261,-0.3412908911705017,0.9926538467407227
669,28,421,313,-0.5910863876342773,0.9768414497375488
670,26,292,261,-0.34426841139793396,0.9927363991737366
670,28,421,312,-0.597248911857605,0.977192223072052
671,26,292,261,-0.3531220853328705,0.9927543997764587
671,28,421,310,-0.6137144565582275,0.9773767590522766
672,26,292,260,-0.35576894879341125,0.992781400680542
672,28,420,309,-0.6161123514175415,0.9776355028152466
673,26,292,260,-0.3568393886089325,0.9928659796714783
673,28,421,307,-0.6178470253944397,0.9780128002166748
674,26,291,260,-0.35692763328552246,0.9929074048995972
674,28,421,308,-0.6166453957557678,0.978329598903656
675,26,291,260,-0.3593689501285553,0.9930160641670227
675,28,421,307,-0.6266695261001587,0.9787774682044983
676,26,291,260,-0.361573189496994,0.9930329322814941
676,28,421,307,-0.6327210068702698,0.9788550734519958
677,26,291,260,-0.36046600341796875,0.9931426048278809
677,28,421,306,-0.6298418641090393,0.9792594909667969
678,26,292,263,-0.36256280541419983,0.9932134747505188
678,28,421,306,-0.6367918252944946,0.9794577956199646
679,26,293,264,-0.36352086067199707,0.9932877421379089
679,28,421,305,-0.6378908753395081,0.9797191023826599
680,26,293,265,-0.3670046329498291,0.9933764934539795
680,28,421,304,-0.6453382968902588,0.9800251126289368
681,26,294,266,-0.3657565712928772,0.9934890270233154
681,28,421,304,-0.6412469148635864,0.9803582429885864
682,26,293,264,-0.3649613857269287,0.9935948848724365
682,28,421,303,-0.6381808519363403,0.9806424975395203
683,26,292,263,-0.36409226059913635,0.9936888813972473
683,28,421,303,-0.6374961733818054,0.9808156490325928
684,26,292,262,-0.3619860112667084,0.9937968254089355
684,28,421,302,-0.6340435147285461,0.9810429215431213
685,26,292,261,-0.3591920733451843,0.9938399195671082
685,28,421,302,-0.6257872581481934,0.9811624884605408
686,26,291,261,-0.3559052050113678,0.9939091801643372
686,28,421,302,-0.6179783940315247,0.9814607501029968
687,26,291,260,-0.35378625988960266,0.9939170479774475
687,28,421,302,-0.612895131111145,0.9815014004707336
688,26,291,260,-0.35292378067970276,0.9939892292022705
688,28,421,302,-0.6131706237792969,0.9817262291908264
689,26,291,260,-0.35173362493515015,0.9939887523651123
689,28,421,301,-0.6097848415374756,0.9817663431167603
690,26,294,260,-0.34771862626075745,0.9939689040184021
690,28,421,301,-0.6031805276870728,0.9814512133598328
691,26,295,260,-0.34696686267852783,0.9939709901809692
691,28,421,301,-0.6034268140792847,0.9812553524971008
692,26,296,260,-0.3438880145549774,0.994011640548706
692,28,421,302,-0.5940268039703369,0.9813036322593689
693,26,296,261,-0.3449019193649292,0.9940625429153442
693,28,421,302,-0.5981078147888184,0.9813224673271179
694,26,297,261,-0.345525324344635,0.9941397309303284
694,28,422,302,-0.5997061729431152,0.9813811779022217
695,26,297,261,-0.34558767080307007,0.9941715598106384
695,28,422,302,-0.6016170978546143,0.9812105298042297
696,26,297,261,-0.3440741300582886,0.9941984415054321
696,28,422,301,-0.5984640121459961,0.9810681343078613
697,26,297,261,-0.3441937267780304,0.9942031502723694
697,28,422,301,-0.6008185148239136,0.9807679653167725
698,26,297,261,-0.344347208738327,0.9941951036453247
698,28,422,301,-0.6009112596511841,0.98057621717453
699,26,297,261,-0.3445996642112732,0.9941548109054565
699,28,422,301,-0.6004868149757385,0.9802919626235962
700,26,297,261,-0.34390392899513245,0.9940547347068787
700,28,422,302,-0.5940183401107788,0.9799041748046875
701,26,297,261,-0.3440609574317932,0.9940029978752136
701,28,422,302,-0.5940079092979431,0.97966468334198
702,26,297,261,-0.34435808658599854,0.9939940571784973
702,28,422,303,-0.5951685309410095,0.979579508304596
703,26,297,261,-0.3424990773200989,0.9940281510353088
703,28,422,303,-0.587094783782959,0.9797919988632202
704,26,298,261,-0.34205958247184753,0.9940365552902222
704,28,423,303,-0.5858744978904724,0.979935884475708
705,26,298,261,-0.33737778663635254,0.9939661622047424
705,28,424,304,-0.5689474940299988,0.9800050854682922
706,26,298,261,-0.33788806200027466,0.9938297867774963
706,28,424,305,-0.5749297738075256,0.979694128036499
707,26,298,261,-0.34022292494773865,0.9936778545379639
707,28,423,306,-0.5776862502098083,0.9791979193687439
708,26,298,261,-0.3427066206932068,0.9936453104019165
708,28,423,307,-0.5855380892753601,0.9790182709693909
709,26,295,261,-0.3473862111568451,0.9935697913169861
709,28,421,308,-0.5968464016914368,0.9785566926002502
710,26,294,261,-0.3506335914134979,0.9936276078224182
710,28,421,309,-0.6039204597473145,0.9786760807037354
711,26,293,261,-0.35410240292549133,0.9936098456382751
711,28,420,309,-0.6092889308929443,0.9784291386604309
712,26,293,265,-0.3557753264904022,0.9936249256134033
712,28,420,310,-0.6143590807914734,0.9784017205238342
713,26,294,265,-0.3552915155887604,0.9936409592628479
713,28,420,311,-0.6049727201461792,0.9785376787185669
714,26,295,265,-0.345662921667099,0.9937050938606262
714,28,419,312,-0.5896066427230835,0.9787137508392334
715,26,296,265,-0.33390745520591736,0.9936761856079102
715,28,419,314,-0.5665717124938965,0.9784713983535767
716,26,297,265,-0.32614225149154663,0.993590235710144
716,28,419,316,-0.5546503067016602,0.9780024290084839
717,26,297,264,-0.3224998712539673,0.9935598373413086
717,28,419,318,-0.5493024587631226,0.9777382016181946
718,26,298,264,-0.3237902820110321,0.9935683608055115
718,28,419,320,-0.5502970814704895,0.9777330160140991
719,26,298,264,-0.3254557251930237,0.9935293793678284
719,28,419,321,-0.5564371943473816,0.977358341217041
720,26,292,263,-0.3377007842063904,0.9930687546730042
720,28,417,322,-0.5800421237945557,0.9756397008895874
721,26,292,262,-0.33480602502822876,0.99294114112854
721,28,417,322,-0.5541921257972717,0.9756364226341248
722,26,291,262,-0.3396632671356201,0.9927235245704651
722,28,416,322,-0.5717560648918152,0.9751527309417725
723,26,290,261,-0.3378411531448364,0.9924649596214294
723,28,415,324,-0.566068708896637,0.9745277166366577
724,26,290,261,-0.32901638746261597,0.9925161004066467
724,28,414,327,-0.5468056201934814,0.9751057028770447
725,26,291,261,-0.3284907937049866,0.9922953248023987
725,28,412,328,-0.5495134592056274,0.9745798110961914
726,26,291,261,-0.3279339671134949,0.9922823309898376
726,28,410,331,-0.5515304207801819,0.9748044013977051
727,26,291,261,-0.32801586389541626,0.9923994541168213
727,28,410,334,-0.5534535050392151,0.9754262566566467
728,26,291,262,-0.3284168839454651,0.9924194812774658
728,28,408,337,-0.5546197891235352,0.9757458567619324
729,26,291,262,-0.32834765315055847,0.9925304055213928
729,28,407,338,-0.5545843243598938,0.9763698577880859
730,26,291,263,-0.32370439171791077,0.9927809238433838
730,28,407,342,-0.5480406880378723,0.9774349331855774
731,26,292,263,-0.32024604082107544,0.9929623007774353
731,28,407,344,-0.5456322431564331,0.9782523512840271
732,26,292,264,-0.3180934488773346,0.9930124878883362
732,28,406,346,-0.5420570969581604,0.9785818457603455
733,26,292,264,-0.3179442882537842,0.9931232929229736
733,28,405,348,-0.5408728718757629,0.9790982007980347
734,26,292,265,-0.31768932938575745,0.9931645393371582
734,28,403,350,-0.5391366481781006,0.9793379902839661
735,26,292,265,-0.31584998965263367,0.9932777285575867
735,28,403,351,-0.5395697355270386,0.9797970652580261
736,26,292,265,-0.31663838028907776,0.9931555390357971
736,28,400,353,-0.5409175753593445,0.9795239567756653
737,26,292,265,-0.317124605178833,0.9931796193122864
737,28,399,355,-0.5416046977043152,0.9795696139335632
738,26,292,265,-0.31719309091567993,0.9930790662765503
738,28,398,356,-0.5482634902000427,0.9790561199188232
739,26,292,264,-0.32211223244667053,0.9927293062210083
739,28,397,358,-0.5668964385986328,0.9775533080101013
740,26,292,264,-0.3215753734111786,0.9926545023918152
740,28,395,361,-0.5577077865600586,0.9770980477333069
741,26,294,264,-0.31830596923828125,0.992725133895874
741,28,393,363,-0.5321866273880005,0.9772075414657593
742,26,296,265,-0.31652775406837463,0.9928081035614014
742,28,393,366,-0.5250899195671082,0.9773929715156555
743,26,297,265,-0.311290979385376,0.9929505586624146
743,28,392,367,-0.5150836706161499,0.9777779579162598
744,26,297,265,-0.3106521964073181,0.9929808378219604
744,28,390,368,-0.5126526951789856,0.9777925610542297
745,26,297,265,-0.31006917357444763,0.992915689945221
745,28,388,368,-0.512588620185852,0.9775555729866028
746,26,297,265,-0.3104974031448364,0.9927194118499756
746,28,385,369,-0.5148792862892151,0.9768063426017761
747,26,297,265,-0.31141525506973267,0.9922163486480713
747,28,382,369,-0.5179358720779419,0.9749912619590759
748,26,297,265,-0.31418296694755554,0.9919574856758118
748,28,380,370,-0.5193071365356445,0.9741169214248657
749,26,297,265,-0.31450968980789185,0.9919596314430237
749,28,377,372,-0.5172860622406006,0.974241316318512
750,26,297,265,-0.31837671995162964,0.9919044971466064
750,28,374,373,-0.5194788575172424,0.974018394947052
751,26,297,265,-0.3186470866203308,0.9920051693916321
751,28,372,374,-0.5171512961387634,0.974420428276062
752,26,298,266,-0.31147077679634094,0.9921319484710693
752,28,371,377,-0.49425676465034485,0.974848747253418
753,26,298,266,-0.31002166867256165,0.9922552704811096
753,28,369,379,-0.49465125799179077,0.9753671288490295
754,26,299,266,-0.3102899193763733,0.9922947883605957
754,28,366,381,-0.4972878098487854,0.9756355285644531
755,26,299,266,-0.3107258081436157,0.9923182129859924
755,28,364,383,-0.4941301643848419,0.9759852290153503
756,26,299,266,-0.3103950023651123,0.9922341704368591
756,28,361,385,-0.4792194068431854,0.976067304611206
757,26,299,266,-0.3106839954853058,0.9924185872077942
757,28,360,386,-0.44464921951293945,0.9764596819877625
758,26,297,266,-0.31948181986808777,0.9927619695663452
758,28,358,386,-0.4028652608394623,0.9770049452781677
759,26,296,266,-0.32543617486953735,0.9931333661079407
759,28,356,387,-0.38435617089271545,0.977758526802063
760,26,295,266,-0.32658305764198303,0.9934890270233154
760,28,355,388,-0.3780438005924225,0.9785833954811096
761,26,295,265,-0.33079200983047485,0.9938193559646606
761,28,354,388,-0.38858485221862793,0.9792865514755249
762,26,297,265,-0.32899439334869385,0.9941632151603699
762,28,353,389,-0.3757244646549225,0.980205774307251
763,26,297,265,-0.3318935036659241,0.9945080876350403
763,28,352,389,-0.3720396161079407,0.9812257289886475
764,26,298,265,-0.3372378349304199,0.994803249835968
764,28,351,390,-0.3713684380054474,0.9821370840072632
765,26,299,265,-0.335648775100708,0.9950982928276062
765,28,350,390,-0.36161643266677856,0.983073353767395
766,26,299,265,-0.33831024169921875,0.9953749179840088
766,28,348,390,-0.3604932427406311,0.9839394688606262
767,26,299,265,-0.34725436568260193,0.9956152439117432
767,28,346,390,-0.36369988322257996,0.9846867322921753
768,26,299,265,-0.34969985485076904,0.9958504438400269
768,28,345,390,-0.3585655391216278,0.9854817986488342
769,26,300,265,-0.35868310928344727,0.9960594773292542
769,28,343,390,-0.36268150806427,0.9861935973167419
770,26,300,264,-0.3566162586212158,0.9962393641471863
770,28,341,390,-0.3582710027694702,0.9868072271347046
771,26,300,264,-0.3531211018562317,0.996405839920044
771,28,339,390,-0.3476860821247101,0.987439751625061
772,26,300,263,-0.3513535261154175,0.9965213537216187
772,28,337,390,-0.3511561155319214,0.987910807132721
773,26,300,263,-0.3406372666358948,0.9966282844543457
773,28,335,390,-0.3405986726284027,0.988442599773407
774,26,300,263,-0.3317292034626007,0.9967585802078247
774,28,334,390,-0.3269854187965393,0.9890384674072266
775,26,300,262,-0.326397180557251,0.9968429207801819
775,28,332,391,-0.3225986957550049,0.9895148277282715
776,26,300,262,-0.32914960384368896,0.9969238638877869
776,28,329,392,-0.3198545575141907,0.9899433851242065
777,26,300,262,-0.33064180612564087,0.99696946144104
777,28,327,392,-0.32084915041923523,0.9902175664901733
778,26,302,261,-0.33243080973625183,0.9969685673713684
778,28,324,392,-0.31311362981796265,0.990381121635437
779,26,303,261,-0.3385328948497772,0.9969418048858643
779,28,322,392,-0.3134763538837433,0.9905362129211426
780,26,303,261,-0.340230256319046,0.9969142079353333
780,28,320,391,-0.3052843511104584,0.9905728101730347
781,26,304,261,-0.34124091267585754,0.9968655109405518
781,28,318,390,-0.30233830213546753,0.9905497431755066
782,26,304,260,-0.34333106875419617,0.9967677593231201
782,28,315,390,-0.30060696601867676,0.9904133677482605
783,26,304,260,-0.3520020842552185,0.9966076612472534
783,28,313,389,-0.30195605754852295,0.9900708198547363
784,26,304,261,-0.3528677523136139,0.996453583240509
784,28,312,389,-0.3189404308795929,0.9895708560943604
785,26,304,261,-0.36286938190460205,0.9963775873184204
785,28,310,389,-0.3261091411113739,0.989404559135437
786,26,304,261,-0.3608868718147278,0.9962713718414307
786,28,307,389,-0.3082452118396759,0.9892287254333496
787,26,304,261,-0.3583516776561737,0.9960906505584717
787,28,306,389,-0.312473326921463,0.9889128804206848
788,26,304,261,-0.35663118958473206,0.9959370493888855
788,28,303,389,-0.33174794912338257,0.9886897206306458
789,26,304,260,-0.35597309470176697,0.9957894682884216
789,28,301,389,-0.3387494683265686,0.9883832931518555
790,26,304,260,-0.3557603657245636,0.9956397414207458
790,28,299,389,-0.34225431084632874,0.9880166053771973
791,26,304,260,-0.3537544012069702,0.9954857230186462
791,28,299,389,-0.3387508690357208,0.9876716136932373
792,26,304,260,-0.35063669085502625,0.9953214526176453
792,28,297,388,-0.3344743847846985,0.9872329831123352
793,26,304,260,-0.3506333827972412,0.9951870441436768
793,28,296,388,-0.3285931348800659,0.9868955612182617
794,26,304,261,-0.35064616799354553,0.9951229691505432
794,28,295,387,-0.31972333788871765,0.986748218536377
795,26,304,261,-0.3506554067134857,0.9951363205909729
795,28,295,387,-0.31693723797798157,0.9867961406707764
796,26,304,261,-0.35277658700942993,0.9951684474945068
796,28,294,387,-0.31813982129096985,0.9868448376655579
797,26,303,261,-0.3584658205509186,0.9951086044311523
797,28,291,387,-0.31888458132743835,0.9866759181022644
798,26,303,261,-0.3606452941894531,0.9949970841407776
798,28,288,386,-0.3185787796974182,0.9862883687019348
799,26,303,260,-0.3596002459526062,0.9949913024902344
799,28,285,385,-0.3061279058456421,0.9863245487213135
800,26,303,260,-0.3460695445537567,0.9949244856834412
800,28,283,383,-0.2880414128303528,0.986233651638031
801,26,303,260,-0.33568498492240906,0.9948868751525879
801,28,282,382,-0.2609464228153229,0.9861333966255188
802,26,303,260,-0.32389387488365173,0.994856595993042
802,28,281,382,-0.23071247339248657,0.9861319661140442
803,26,303,260,-0.3181209862232208,0.9947891235351562
803,28,279,381,-0.22184841334819794,0.9861427545547485
804,26,303,260,-0.31509023904800415,0.9947261810302734
804,28,278,381,-0.21750019490718842,0.9861218333244324
805,26,303,260,-0.3176671266555786,0.9947349429130554
805,28,278,382,-0.22484910488128662,0.9862781763076782
806,26,303,260,-0.31633082032203674,0.9947201013565063
806,28,278,382,-0.22167043387889862,0.9863640666007996
807,26,303,260,-0.3117963671684265,0.9947419762611389
807,28,278,382,-0.2152853012084961,0.9864962100982666
808,26,303,260,-0.30420854687690735,0.9947774410247803
808,28,278,382,-0.2058379203081131,0.9866518378257751
809,26,303,261,-0.30243703722953796,0.9947683811187744
809,28,278,381,-0.20440024137496948,0.9865936636924744
810,26,303,261,-0.30694788694381714,0.9948331713676453
810,28,278,381,-0.21358774602413177,0.9866335988044739
811,26,303,261,-0.3092977702617645,0.9948951601982117
811,28,278,381,-0.21763914823532104,0.9867084622383118
812,26,302,260,-0.30989304184913635,0.9949333667755127
812,28,278,381,-0.21929188072681427,0.9867433905601501
813,26,302,260,-0.31652554869651794,0.9949958324432373
813,28,278,381,-0.2239607870578766,0.9868637323379517
814,26,302,260,-0.32185015082359314,0.9950507283210754
814,28,279,381,-0.23024696111679077,0.9869978427886963
815,26,302,260,-0.3303494453430176,0.995111346244812
815,28,279,381,-0.23878848552703857,0.9871423244476318
816,26,302,260,-0.3346025049686432,0.9951620101928711
816,28,279,381,-0.24550819396972656,0.9872661828994751
817,26,302,260,-0.3362807631492615,0.9951977133750916
817,28,279,381,-0.2506360113620758,0.9873407483100891
818,26,302,260,-0.33871009945869446,0.99520343542099
818,28,279,381,-0.24953579902648926,0.9872927069664001
819,26,302,260,-0.341092586517334,0.9952434301376343
819,28,279,381,-0.2598399519920349,0.9873741269111633
820,26,302,260,-0.3428175449371338,0.9952846765518188
820,28,279,382,-0.26853442192077637,0.9874484539031982
821,26,302,260,-0.34167084097862244,0.9953626990318298
821,28,279,382,-0.26952648162841797,0.9876322150230408
822,26,302,260,-0.34299635887145996,0.9954162836074829
822,28,279,382,-0.2698468863964081,0.987774133682251
823,26,302,260,-0.3444322645664215,0.9954625964164734
823,28,279,382,-0.27093884348869324,0.9878921508789062
824,26,302,260,-0.3436010181903839,0.995515763759613
824,28,280,382,-0.26879867911338806,0.9880382418632507
825,26,302,260,-0.34294477105140686,0.99558424949646
825,28,280,382,-0.270321249961853,0.9882276654243469
826,26,302,260,-0.34254392981529236,0.9956318140029907
826,28,280,382,-0.2685159742832184,0.98836350440979
827,26,302,260,-0.34220486879348755,0.9956685900688171
827,28,280,382,-0.2592483162879944,0.9884827136993408
828,26,302,260,-0.3412681818008423,0.9957132935523987
828,28,280,382,-0.2505042254924774,0.9885755181312561
829,26,302,260,-0.3419300317764282,0.9957436919212341
829,28,280,382,-0.2485845983028412,0.9886447787284851
830,26,301,260,-0.34521275758743286,0.995776355266571
830,28,280,382,-0.25777149200439453,0.9887982606887817
831,26,301,260,-0.345919132232666,0.9958246350288391
831,28,280,382,-0.2578361928462982,0.9889726638793945
832,26,301,260,-0.34593456983566284,0.9958595037460327
832,28,280,382,-0.25903457403182983,0.989132821559906
833,26,301,260,-0.34573084115982056,0.995891809463501
833,28,280,382,-0.2636606693267822,0.9892924427986145
834,26,301,260,-0.345669686794281,0.9959123134613037
834,28,280,382,-0.2661758363246918,0.9894082546234131
835,26,301,260,-0.3455483913421631,0.9959012866020203
835,28,280,382,-0.265735387802124,0.9894605278968811
836,26,301,260,-0.34738337993621826,0.9958998560905457
836,28,280,382,-0.267466276884079,0.9895119071006775
837,26,301,260,-0.3505108654499054,0.9958763718605042
837,28,280,382,-0.2674582004547119,0.9894607067108154
838,26,301,260,-0.35175618529319763,0.9958639144897461
838,28,280,382,-0.2688497006893158,0.9894058108329773
839,26,301,260,-0.3522074222564697,0.995856761932373
839,28,280,382,-0.2696709632873535,0.9893739819526672
840,26,301,260,-0.34365448355674744,0.9958908557891846
840,28,280,382,-0.26547375321388245,0.989483118057251
841,26,301,260,-0.34044644236564636,0.995890200138092
841,28,280,382,-0.25621846318244934,0.9894952178001404
842,26,300,260,-0.3396797478199005,0.9958975911140442
842,28,280,382,-0.2508518695831299,0.9895426034927368
843,26,300,260,-0.3397441804409027,0.9959125518798828
843,28,280,382,-0.25141382217407227,0.9896067380905151
844,26,300,260,-0.3399505019187927,0.9959068298339844
844,28,280,382,-0.2502458691596985,0.9896149039268494
845,26,300,260,-0.3392278850078583,0.9959122538566589
845,28,280,382,-0.24930956959724426,0.989623486995697
846,26,300,260,-0.33929094672203064,0.9958992600440979
846,28,280,383,-0.2497566044330597,0.989561140537262
847,26,300,260,-0.33934420347213745,0.9958902597427368
847,28,280,383,-0.24760811030864716,0.9895147681236267
848,26,300,260,-0.339168906211853,0.9958612322807312
848,28,280,383,-0.2457643747329712,0.9894117712974548
849,26,300,260,-0.33891868591308594,0.9958343505859375
849,28,280,383,-0.24412813782691956,0.9893217086791992
850,26,300,260,-0.33770719170570374,0.9958093166351318
850,28,280,383,-0.24205522239208221,0.9892405271530151
851,26,300,260,-0.3372105062007904,0.9957639575004578
851,28,280,383,-0.24136632680892944,0.9891276955604553
852,26,300,260,-0.33836349844932556,0.9957737326622009
852,28,280,383,-0.24407069385051727,0.9891542792320251
853,26,300,260,-0.3389366865158081,0.9957835078239441
853,28,280,383,-0.24970555305480957,0.9891980886459351
854,26,300,260,-0.3389662206172943,0.9957898855209351
854,28,280,383,-0.2513970136642456,0.9892178177833557
855,26,300,260,-0.3398796319961548,0.9957849383354187
855,28,280,383,-0.2549925148487091,0.9891939163208008
856,26,300,260,-0.33989280462265015,0.9957745671272278
856,28,280,383,-0.25490596890449524,0.98915696144104
857,26,300,260,-0.33909210562705994,0.9957833290100098
857,28,280,383,-0.25464528799057007,0.9892011284828186
858,26,300,260,-0.33867084980010986,0.9958023428916931
858,28,280,383,-0.2544724643230438,0.9892916083335876
859,26,300,260,-0.3376608192920685,0.9958184957504272
859,28,280,383,-0.24899457395076752,0.9893763065338135
860,26,300,260,-0.33629006147384644,0.9958458542823792
860,28,280,384,-0.24957320094108582,0.9894887804985046
861,26,300,260,-0.335797518491745,0.9958550333976746
861,28,280,384,-0.24964246153831482,0.9895532131195068
862,26,300,260,-0.335893452167511,0.9958882927894592
862,28,280,384,-0.2506120800971985,0.98963463306427
863,26,300,260,-0.33593860268592834,0.9959347248077393
863,28,281,384,-0.25156369805336,0.9897482991218567
864,26,300,260,-0.3360011875629425,0.9959686398506165
864,28,281,384,-0.2517761290073395,0.9898298978805542
865,26,300,260,-0.33601105213165283,0.9959914684295654
865,28,281,384,-0.25052595138549805,0.9898797273635864
866,26,300,260,-0.3361072540283203,0.9960237741470337
866,28,281,384,-0.2505173981189728,0.9899628758430481
867,26,300,260,-0.3361358344554901,0.9960517883300781
867,28,281,384,-0.2506130337715149,0.9900496006011963
868,26,300,260,-0.33556294441223145,0.9960712790489197
868,28,281,384,-0.25202178955078125,0.9901334047317505
869,26,300,260,-0.33547693490982056,0.9960390329360962
869,28,281,384,-0.25000709295272827,0.9900996685028076
870,26,300,260,-0.33664771914482117,0.9959931969642639
870,28,281,384,-0.2571374177932739,0.9899554252624512
871,26,300,259,-0.33743512630462646,0.9959921836853027
871,28,281,384,-0.2586585581302643,0.9899084568023682
872,26,300,259,-0.3378825783729553,0.9959837794303894
872,28,281,384,-0.2583796977996826,0.9898716807365417
873,26,300,259,-0.3404819071292877,0.99595046043396
873,28,281,384,-0.2608170509338379,0.9897832870483398
874,26,300,259,-0.340967059135437,0.995914876461029
874,28,281,384,-0.2605900764465332,0.9896842837333679
