frame,x_26,x_28,y_26,y_28,distance,distancia_promedio
0,296,296,257,381,124.0,127.77580141851938
1,295,295,257,381,124.0,127.77580141851938
2,295,295,258,381,123.0,127.77580141851938
3,295,295,258,381,123.0,127.77580141851938
4,295,295,259,381,122.0,127.77580141851938
5,295,294,259,381,122.00409829181969,127.77580141851938
6,295,294,259,381,122.00409829181969,127.77580141851938
7,295,294,259,381,122.00409829181969,127.77580141851938
8,296,294,259,381,122.01639234135715,127.77580141851938
9,296,294,259,381,122.01639234135715,127.77580141851938
10,296,294,259,381,122.01639234135715,127.77580141851938
11,297,293,259,381,122.06555615733703,127.77580141851938
12,297,293,259,381,122.06555615733703,127.77580141851938
13,297,293,259,381,122.06555615733703,127.77580141851938
14,298,293,259,381,122.10241602851272,127.77580141851938
15,298,293,260,381,121.10326172320876,127.77580141851938
16,298,293,260,382,122.10241602851272,127.77580141851938
17,298,293,260,382,122.10241602851272,127.77580141851938
18,298,293,260,382,122.10241602851272,127.77580141851938
19,298,293,260,382,122.10241602851272,127.77580141851938
20,298,292,260,382,122.14745187681976,127.77580141851938
21,298,292,260,382,122.14745187681976,127.77580141851938
22,297,292,260,382,122.10241602851272,127.77580141851938
23,297,292,260,382,122.10241602851272,127.77580141851938
24,296,292,259,382,123.06502346320826,127.77580141851938
25,296,292,259,382,123.06502346320826,127.77580141851938
26,296,292,259,382,123.06502346320826,127.77580141851938
27,296,292,259,382,123.06502346320826,127.77580141851938
28,296,292,259,382,123.06502346320826,127.77580141851938
29,296,292,259,382,123.06502346320826,127.77580141851938
30,295,292,260,383,123.03657992645927,127.77580141851938
31,295,292,260,383,123.03657992645927,127.77580141851938
32,295,292,260,383,123.03657992645927,127.77580141851938
33,295,292,261,384,123.03657992645927,127.77580141851938
34,295,292,261,384,123.03657992645927,127.77580141851938
35,296,292,261,384,123.06502346320826,127.77580141851938
36,296,292,262,385,123.06502346320826,127.77580141851938
37,296,292,262,385,123.06502346320826,127.77580141851938
38,296,292,262,385,123.06502346320826,127.77580141851938
39,296,292,262,385,123.06502346320826,127.77580141851938
40,297,292,262,385,123.10158406779338,127.77580141851938
41,297,292,263,385,122.10241602851272,127.77580141851938
42,297,292,263,385,122.10241602851272,127.77580141851938
43,297,293,263,386,123.06502346320826,127.77580141851938
44,297,293,263,386,123.06502346320826,127.77580141851938
45,297,293,263,386,123.06502346320826,127.77580141851938
46,297,293,263,386,123.06502346320826,127.77580141851938
47,297,293,263,386,123.06502346320826,127.77580141851938
48,297,293,264,386,122.06555615733703,127.77580141851938
49,297,293,264,386,122.06555615733703,127.77580141851938
50,297,293,264,386,122.06555615733703,127.77580141851938
51,297,293,264,386,122.06555615733703,127.77580141851938
52,298,293,264,386,122.10241602851272,127.77580141851938
53,298,292,264,386,122.14745187681976,127.77580141851938
54,298,292,264,386,122.14745187681976,127.77580141851938
55,298,292,264,386,122.14745187681976,127.77580141851938
56,298,292,264,387,123.14625451064275,127.77580141851938
57,298,292,264,387,123.14625451064275,127.77580141851938
58,298,292,264,387,123.14625451064275,127.77580141851938
59,298,292,264,387,123.14625451064275,127.77580141851938
60,298,292,264,387,123.14625451064275,127.77580141851938
61,298,292,264,387,123.14625451064275,127.77580141851938
62,298,292,264,387,123.14625451064275,127.77580141851938
63,298,292,264,387,123.14625451064275,127.77580141851938
64,298,292,264,387,123.14625451064275,127.77580141851938
65,298,292,263,387,124.14507642270796,127.77580141851938
66,298,292,263,387,124.14507642270796,127.77580141851938
67,298,291,263,387,124.19742348374221,127.77580141851938
68,298,291,263,387,124.19742348374221,127.77580141851938
69,298,291,263,387,124.19742348374221,127.77580141851938
70,298,291,263,387,124.19742348374221,127.77580141851938
71,298,291,263,387,124.19742348374221,127.77580141851938
72,298,291,263,387,124.19742348374221,127.77580141851938
73,297,291,263,387,124.14507642270796,127.77580141851938
74,297,291,263,387,124.14507642270796,127.77580141851938
75,297,291,263,387,124.14507642270796,127.77580141851938
76,297,291,263,387,124.14507642270796,127.77580141851938
77,297,291,263,387,124.14507642270796,127.77580141851938
78,297,291,263,387,124.14507642270796,127.77580141851938
79,297,291,263,387,124.14507642270796,127.77580141851938
80,297,291,263,387,124.14507642270796,127.77580141851938
81,297,291,263,387,124.14507642270796,127.77580141851938
82,297,291,264,387,123.14625451064275,127.77580141851938
83,297,290,264,387,123.1990259701756,127.77580141851938
84,297,290,264,387,123.1990259701756,127.77580141851938
85,296,290,264,387,123.14625451064275,127.77580141851938
86,296,290,264,387,123.14625451064275,127.77580141851938
87,296,290,264,387,123.14625451064275,127.77580141851938
88,296,290,264,387,123.14625451064275,127.77580141851938
89,295,290,264,387,123.10158406779338,127.77580141851938
90,295,290,264,387,123.10158406779338,127.77580141851938
91,294,290,264,387,123.06502346320826,127.77580141851938
92,294,290,264,387,123.06502346320826,127.77580141851938
93,294,290,264,387,123.06502346320826,127.77580141851938
94,293,290,264,387,123.03657992645927,127.77580141851938
95,293,290,264,387,123.03657992645927,127.77580141851938
96,293,289,264,387,123.06502346320826,127.77580141851938
97,293,289,264,387,123.06502346320826,127.77580141851938
98,293,289,264,387,123.06502346320826,127.77580141851938
99,293,289,264,387,123.06502346320826,127.77580141851938
100,292,289,264,388,124.03628501370073,127.77580141851938
101,292,289,264,388,124.03628501370073,127.77580141851938
102,292,289,264,388,124.03628501370073,127.77580141851938
103,292,289,264,388,124.03628501370073,127.77580141851938
104,292,289,264,388,124.03628501370073,127.77580141851938
105,293,289,264,388,124.06449935416659,127.77580141851938
106,293,290,263,388,125.03599481749245,127.77580141851938
107,293,290,263,388,125.03599481749245,127.77580141851938
108,294,291,262,387,125.03599481749245,127.77580141851938
109,294,293,262,387,125.00399993600205,127.77580141851938
110,294,295,261,387,126.00396819148197,127.77580141851938
111,294,297,260,386,126.03570922560003,127.77580141851938
112,295,300,259,386,127.09838708654017,127.77580141851938
113,295,302,258,385,127.1927670899568,127.77580141851938
114,295,305,257,385,128.39003076563228,127.77580141851938
115,296,308,257,385,128.56126943990557,127.77580141851938
116,297,311,257,385,128.76334882255898,127.77580141851938
117,297,314,257,384,128.1327436684316,127.77580141851938
118,298,318,257,384,128.56515857727553,127.77580141851938
119,298,322,258,384,128.2653499585917,127.77580141851938
120,298,327,258,384,129.29423807734048,127.77580141851938
121,298,332,258,384,130.50670480860362,127.77580141851938
122,298,337,259,383,129.98846102635417,127.77580141851938
123,298,343,259,383,131.91285001848757,127.77580141851938
124,298,350,260,383,133.5402561027947,127.77580141851938
125,298,356,260,382,135.08515832614626,127.77580141851938
126,298,361,261,381,135.5322839769182,127.77580141851938
127,298,365,261,379,135.69450983735487,127.77580141851938
128,298,368,261,378,136.34148304899725,127.77580141851938
129,298,371,261,376,136.2130683891968,127.77580141851938
130,298,373,261,374,135.6244815658294,127.77580141851938
131,299,375,261,372,134.52509059651288,127.77580141851938
132,300,377,260,371,135.09256086106296,127.77580141851938
133,300,379,260,369,134.61797799699713,127.77580141851938
134,301,381,259,366,133.60014970051492,127.77580141851938
135,301,382,258,364,133.4053971921676,127.77580141851938
136,302,384,257,362,133.22537295875736,127.77580141851938
137,302,386,256,359,132.90974381135493,127.77580141851938
138,303,387,256,357,131.36590120727678,127.77580141851938
139,303,389,255,355,131.89389675038038,127.77580141851938
140,303,390,255,353,131.04579352272242,127.77580141851938
141,303,391,254,352,131.71180660821565,127.77580141851938
142,303,392,254,351,131.64345787011217,127.77580141851938
143,303,393,254,350,131.59027319676784,127.77580141851938
144,303,395,254,349,132.24598292575845,127.77580141851938
145,303,396,254,348,132.23085872821065,127.77580141851938
146,303,397,254,348,132.93607486307093,127.77580141851938
147,303,398,254,347,132.94359706281458,127.77580141851938
148,303,400,254,346,133.6899397860587,127.77580141851938
149,303,400,254,345,133.00375934536586,127.77580141851938
150,303,401,254,344,133.05637902783917,127.77580141851938
151,303,402,254,343,133.12400234367956,127.77580141851938
152,303,403,254,342,133.2066064427737,127.77580141851938
153,303,403,254,340,131.89389675038038,127.77580141851938
154,303,404,254,339,132.0075755401939,127.77580141851938
155,303,405,254,338,132.13629327327143,127.77580141851938
156,303,406,254,337,132.2800060477773,127.77580141851938
157,303,406,254,336,131.65485179058157,127.77580141851938
158,303,407,254,335,131.82184947875675,127.77580141851938
159,303,409,254,335,133.4053971921676,127.77580141851938
160,303,410,254,334,133.60014970051492,127.77580141851938
161,303,411,255,333,133.2216198670471,127.77580141851938
162,303,412,255,332,133.4541119636259,127.77580141851938
163,303,413,255,332,134.27211177307072,127.77580141851938
164,303,415,255,332,135.9154148726332,127.77580141851938
165,303,416,255,331,136.1800279042415,127.77580141851938
166,303,417,255,331,137.0109484676316,127.77580141851938
167,302,418,255,331,138.67948658687772,127.77580141851938
168,302,418,255,330,138.13399291991817,127.77580141851938
169,302,419,255,329,138.43771162512041,127.77580141851938
170,302,419,255,328,137.90576492663388,127.77580141851938
171,302,419,255,327,137.37903770226373,127.77580141851938
172,302,419,255,325,136.34148304899725,127.77580141851938
173,302,420,255,323,136.19104228986575,127.77580141851938
174,301,420,255,321,136.07718398026907,127.77580141851938
175,301,420,254,319,135.5949851580065,127.77580141851938
176,301,420,254,317,134.6476884316994,127.77580141851938
177,301,420,254,315,133.7235955244997,127.77580141851938
178,301,421,254,313,133.71985641631537,127.77580141851938
179,301,422,254,311,133.75350462698165,127.77580141851938
180,301,422,254,309,132.9135057095403,127.77580141851938
181,301,423,254,307,133.01503674397117,127.77580141851938
182,301,424,254,306,133.5402561027947,127.77580141851938
183,301,424,254,305,133.15404612703287,127.77580141851938
184,302,424,254,304,131.84839779079607,127.77580141851938
185,302,424,254,303,131.47243057006287,127.77580141851938
186,302,424,254,303,131.47243057006287,127.77580141851938
187,303,425,254,303,131.47243057006287,127.77580141851938
188,303,425,254,303,131.47243057006287,127.77580141851938
189,304,425,254,303,130.5450113945378,127.77580141851938
190,304,425,254,303,130.5450113945378,127.77580141851938
191,304,425,254,303,130.5450113945378,127.77580141851938
192,304,425,254,303,130.5450113945378,127.77580141851938
193,304,425,254,303,130.5450113945378,127.77580141851938
194,303,425,254,303,131.47243057006287,127.77580141851938
195,303,425,254,303,131.47243057006287,127.77580141851938
196,303,425,254,304,131.84839779079607,127.77580141851938
197,303,425,254,304,131.84839779079607,127.77580141851938
198,303,425,254,304,131.84839779079607,127.77580141851938
199,303,425,255,304,131.47243057006287,127.77580141851938
200,302,425,255,304,132.4009063413087,127.77580141851938
201,302,425,255,303,132.03408650799233,127.77580141851938
202,302,425,255,303,132.03408650799233,127.77580141851938
203,302,425,255,302,131.67383946707105,127.77580141851938
204,302,425,255,301,131.3202193114221,127.77580141851938
205,302,425,255,300,130.97327971765844,127.77580141851938
206,302,425,255,300,130.97327971765844,127.77580141851938
207,302,425,255,299,130.6330739131557,127.77580141851938
208,302,425,255,299,130.6330739131557,127.77580141851938
209,302,425,255,298,130.29965464267354,127.77580141851938
210,302,425,255,298,130.29965464267354,127.77580141851938
211,303,425,255,298,129.3560976529518,127.77580141851938
212,304,425,255,298,128.41339493993607,127.77580141851938
213,304,425,255,299,128.75169901791588,127.77580141851938
214,305,425,255,299,127.81236246936366,127.77580141851938
215,305,425,255,299,127.81236246936366,127.77580141851938
216,304,425,255,300,129.0968628588627,127.77580141851938
217,304,425,254,300,129.4488315899375,127.77580141851938
218,304,425,254,302,130.17296186228538,127.77580141851938
219,303,425,254,303,131.47243057006287,127.77580141851938
220,303,425,254,305,132.23085872821065,127.77580141851938
221,303,425,254,307,133.01503674397117,127.77580141851938
222,302,424,254,309,133.82451195502264,127.77580141851938
223,302,424,254,310,134.23859355639868,127.77580141851938
224,302,424,254,312,135.08515832614626,127.77580141851938
225,301,423,254,314,135.95587519485872,127.77580141851938
226,301,423,254,316,136.85028315644803,127.77580141851938
227,301,422,254,318,136.88316185711082,127.77580141851938
228,301,421,254,320,136.95254652615992,127.77580141851938
229,301,421,254,322,137.92751719653333,127.77580141851938
230,301,419,254,324,137.20058308913997,127.77580141851938
231,301,418,255,327,137.37903770226373,127.77580141851938
232,301,417,255,329,137.59360450253493,127.77580141851938
233,302,415,256,331,135.6244815658294,127.77580141851938
234,302,414,256,332,135.35139452550905,127.77580141851938
235,302,413,256,334,135.66502865514016,127.77580141851938
236,302,412,257,335,134.84806264830058,127.77580141851938
237,302,412,257,336,135.4289481610191,127.77580141851938
238,302,411,257,337,135.20724832641184,127.77580141851938
239,302,411,257,338,135.80132547217644,127.77580141851938
240,302,410,257,339,135.60235986147143,127.77580141851938
241,302,409,257,340,135.41787178950938,127.77580141851938
242,302,408,257,342,135.8712625980932,127.77580141851938
243,302,407,257,343,135.72398461583714,127.77580141851938
244,302,405,257,345,135.47324459095236,127.77580141851938
245,302,404,257,346,135.36986370680884,127.77580141851938
246,302,402,257,348,135.20724832641184,127.77580141851938
247,301,401,256,350,137.2443077143821,127.77580141851938
248,301,399,256,351,136.48809471891678,127.77580141851938
249,301,396,255,353,136.48809471891678,127.77580141851938
250,301,394,255,355,136.56134152826706,127.77580141851938
251,301,391,255,357,136.02940858505562,127.77580141851938
252,301,388,255,359,135.5912976558599,127.77580141851938
253,301,386,255,361,135.8712625980932,127.77580141851938
254,301,383,255,363,135.60235986147143,127.77580141851938
255,300,382,255,364,136.40014662748717,127.77580141851938
256,300,380,256,366,136.01470508735443,127.77580141851938
257,300,378,256,368,136.48443134658254,127.77580141851938
258,300,376,257,370,136.1800279042415,127.77580141851938
259,299,374,258,371,135.6244815658294,127.77580141851938
260,299,373,258,372,135.91173606425605,127.77580141851938
261,299,371,258,372,134.8332303254654,127.77580141851938
262,298,369,258,373,135.15176654413364,127.77580141851938
263,298,366,258,374,134.46189051177288,127.77580141851938
264,297,361,258,375,133.3604139165742,127.77580141851938
265,296,355,258,377,132.82319074619463,127.77580141851938
266,295,350,258,378,132.00378782444085,127.77580141851938
267,294,344,258,380,131.84839779079607,127.77580141851938
268,293,340,258,381,131.67383946707105,127.77580141851938
269,292,335,258,381,130.29965464267354,127.77580141851938
270,291,331,257,382,131.24404748406687,127.77580141851938
271,291,327,257,383,131.04197800704932,127.77580141851938
272,291,324,257,384,131.21737689803132,127.77580141851938
273,292,321,258,385,130.26895255585654,127.77580141851938
274,293,318,258,386,130.41855696180662,127.77580141851938
275,294,315,258,386,129.71121771072848,127.77580141851938
276,295,313,259,387,129.2594290564522,127.77580141851938
277,295,311,259,387,128.9961239727768,127.77580141851938
278,295,309,259,387,128.76334882255898,127.77580141851938
279,295,307,258,387,129.5569372901351,127.77580141851938
280,294,306,258,387,129.5569372901351,127.77580141851938
281,294,304,258,387,129.38701635017324,127.77580141851938
282,294,303,258,387,129.31357237351384,127.77580141851938
283,294,301,258,387,129.18978287774928,127.77580141851938
284,294,299,258,387,129.0968628588627,127.77580141851938
285,294,298,258,387,129.0620006043607,127.77580141851938
286,294,296,258,387,129.0155029444136,127.77580141851938
287,294,294,259,387,128.0,127.77580141851938
288,294,293,259,387,128.00390619039717,127.77580141851938
289,294,292,259,387,128.01562404644207,127.77580141851938
290,294,290,259,387,128.06248474865697,127.77580141851938
291,295,289,259,387,128.14054783713078,127.77580141851938
292,295,288,260,388,128.191263352851,127.77580141851938
293,295,288,260,388,128.191263352851,127.77580141851938
294,296,287,260,388,128.3160161476345,127.77580141851938
295,296,286,260,388,128.39003076563228,127.77580141851938
296,296,286,261,389,128.39003076563228,127.77580141851938
297,297,286,261,389,128.47178678604885,127.77580141851938
298,297,285,262,390,128.56126943990557,127.77580141851938
299,298,285,262,390,128.65846260545786,127.77580141851938
300,298,285,262,391,129.65338406690356,127.77580141851938
301,299,285,262,392,130.75167302944922,127.77580141851938
302,299,285,263,392,129.75746606650424,127.77580141851938
303,299,285,263,392,129.75746606650424,127.77580141851938
304,299,284,263,392,129.86916493148019,127.77580141851938
305,299,284,263,392,129.86916493148019,127.77580141851938
306,299,284,264,392,128.87590930814028,127.77580141851938
307,299,284,264,392,128.87590930814028,127.77580141851938
308,299,284,264,392,128.87590930814028,127.77580141851938
309,299,284,264,393,129.86916493148019,127.77580141851938
310,299,284,264,393,129.86916493148019,127.77580141851938
311,300,284,265,392,128.00390619039717,127.77580141851938
312,300,284,265,392,128.00390619039717,127.77580141851938
313,300,284,265,392,128.00390619039717,127.77580141851938
314,300,284,265,392,128.00390619039717,127.77580141851938
315,300,284,265,392,128.00390619039717,127.77580141851938
316,300,284,265,392,128.00390619039717,127.77580141851938
317,300,284,265,392,128.00390619039717,127.77580141851938
318,300,284,265,392,128.00390619039717,127.77580141851938
319,300,284,265,392,128.00390619039717,127.77580141851938
320,300,284,265,392,128.00390619039717,127.77580141851938
321,300,284,266,391,126.01983970788092,127.77580141851938
322,300,284,266,391,126.01983970788092,127.77580141851938
323,300,284,266,391,126.01983970788092,127.77580141851938
324,300,284,266,391,126.01983970788092,127.77580141851938
325,300,284,266,391,126.01983970788092,127.77580141851938
326,300,284,266,391,126.01983970788092,127.77580141851938
327,300,284,266,391,126.01983970788092,127.77580141851938
328,300,284,266,391,126.01983970788092,127.77580141851938
329,300,284,266,391,126.01983970788092,127.77580141851938
330,300,284,266,391,126.01983970788092,127.77580141851938
331,300,284,266,391,126.01983970788092,127.77580141851938
332,299,284,266,391,125.89678312014172,127.77580141851938
333,299,284,266,391,125.89678312014172,127.77580141851938
334,299,284,266,391,125.89678312014172,127.77580141851938
335,299,284,266,391,125.89678312014172,127.77580141851938
336,299,284,266,391,125.89678312014172,127.77580141851938
337,299,284,266,391,125.89678312014172,127.77580141851938
338,299,284,267,391,124.90396310766124,127.77580141851938
339,299,284,267,391,124.90396310766124,127.77580141851938
340,299,284,267,392,125.89678312014172,127.77580141851938
341,299,284,267,392,125.89678312014172,127.77580141851938
342,299,284,267,392,125.89678312014172,127.77580141851938
343,299,284,267,392,125.89678312014172,127.77580141851938
344,298,284,267,392,125.78155667664477,127.77580141851938
345,298,284,267,392,125.78155667664477,127.77580141851938
346,298,284,267,392,125.78155667664477,127.77580141851938
347,298,284,267,392,125.78155667664477,127.77580141851938
348,297,284,267,392,125.67418191498204,127.77580141851938
349,297,284,267,392,125.67418191498204,127.77580141851938
350,297,284,267,392,125.67418191498204,127.77580141851938
351,297,284,267,392,125.67418191498204,127.77580141851938
352,296,284,267,392,125.57467897629681,127.77580141851938
353,296,284,267,392,125.57467897629681,127.77580141851938
354,297,284,267,392,125.67418191498204,127.77580141851938
355,297,284,267,392,125.67418191498204,127.77580141851938
356,297,284,267,392,125.67418191498204,127.77580141851938
357,297,284,267,391,124.67958934805648,127.77580141851938
358,297,284,266,391,125.67418191498204,127.77580141851938
359,297,284,266,391,125.67418191498204,127.77580141851938
360,297,284,266,391,125.67418191498204,127.77580141851938
361,298,284,266,391,125.78155667664477,127.77580141851938
362,298,285,266,391,125.67418191498204,127.77580141851938
363,298,285,266,391,125.67418191498204,127.77580141851938
364,298,285,266,391,125.67418191498204,127.77580141851938
365,298,285,266,391,125.67418191498204,127.77580141851938
366,298,285,266,391,125.67418191498204,127.77580141851938
367,298,285,266,390,124.67958934805648,127.77580141851938
368,299,285,266,390,124.78781991845197,127.77580141851938
369,299,285,266,390,124.78781991845197,127.77580141851938
370,299,285,266,390,124.78781991845197,127.77580141851938
371,299,285,266,390,124.78781991845197,127.77580141851938
372,298,285,266,390,124.67958934805648,127.77580141851938
373,298,285,267,391,124.67958934805648,127.77580141851938
374,297,285,268,392,124.57929201917949,127.77580141851938
375,296,284,269,393,124.57929201917949,127.77580141851938
376,295,284,269,393,124.4869471069156,127.77580141851938
377,295,283,270,394,124.57929201917949,127.77580141851938
378,295,283,270,394,124.57929201917949,127.77580141851938
379,295,283,270,394,124.57929201917949,127.77580141851938
380,295,282,270,394,124.67958934805648,127.77580141851938
381,295,282,270,394,124.67958934805648,127.77580141851938
382,295,282,270,394,124.67958934805648,127.77580141851938
383,295,282,270,394,124.67958934805648,127.77580141851938
384,294,282,270,394,124.57929201917949,127.77580141851938
385,294,282,270,394,124.57929201917949,127.77580141851938
386,294,282,270,394,124.57929201917949,127.77580141851938
387,294,282,270,394,124.57929201917949,127.77580141851938
388,294,282,270,393,123.58397954427588,127.77580141851938
389,294,282,270,393,123.58397954427588,127.77580141851938
390,294,282,270,393,123.58397954427588,127.77580141851938
391,294,282,271,393,122.58874336577564,127.77580141851938
392,294,282,271,393,122.58874336577564,127.77580141851938
393,294,282,271,393,122.58874336577564,127.77580141851938
394,294,282,271,393,122.58874336577564,127.77580141851938
395,294,282,271,393,122.58874336577564,127.77580141851938
396,294,282,271,393,122.58874336577564,127.77580141851938
397,294,282,271,393,122.58874336577564,127.77580141851938
398,294,282,271,393,122.58874336577564,127.77580141851938
399,294,282,271,393,122.58874336577564,127.77580141851938
400,294,282,271,393,122.58874336577564,127.77580141851938
401,294,282,271,393,122.58874336577564,127.77580141851938
402,294,283,271,393,122.494897852931,127.77580141851938
403,294,283,271,393,122.494897852931,127.77580141851938
404,294,283,271,393,122.494897852931,127.77580141851938
405,294,283,271,393,122.494897852931,127.77580141851938
406,294,283,271,393,122.494897852931,127.77580141851938
407,294,283,271,393,122.494897852931,127.77580141851938
408,294,283,271,393,122.494897852931,127.77580141851938
409,294,283,271,393,122.494897852931,127.77580141851938
410,294,283,271,392,121.49897118905987,127.77580141851938
411,294,283,271,392,121.49897118905987,127.77580141851938
412,294,283,271,392,121.49897118905987,127.77580141851938
413,294,283,271,392,121.49897118905987,127.77580141851938
414,294,283,271,392,121.49897118905987,127.77580141851938
415,294,283,271,392,121.49897118905987,127.77580141851938
416,294,283,271,392,121.49897118905987,127.77580141851938
417,294,283,271,392,121.49897118905987,127.77580141851938
418,294,283,271,392,121.49897118905987,127.77580141851938
419,294,283,271,392,121.49897118905987,127.77580141851938
420,294,283,271,392,121.49897118905987,127.77580141851938
421,295,283,270,392,122.58874336577564,127.77580141851938
422,296,283,270,391,121.69634341261039,127.77580141851938
423,297,283,270,391,121.80722474467596,127.77580141851938
424,297,283,270,391,121.80722474467596,127.77580141851938
425,298,283,269,391,122.9186723000212,127.77580141851938
426,297,283,269,391,122.80065146407001,127.77580141851938
427,297,283,269,391,122.80065146407001,127.77580141851938
428,297,283,269,391,122.80065146407001,127.77580141851938
429,296,283,268,391,123.68508398347798,127.77580141851938
430,296,283,268,391,123.68508398347798,127.77580141851938
431,296,283,268,391,123.68508398347798,127.77580141851938
432,295,283,268,391,123.58397954427588,127.77580141851938
433,295,283,268,391,123.58397954427588,127.77580141851938
434,295,283,268,390,122.58874336577564,127.77580141851938
435,295,283,268,390,122.58874336577564,127.77580141851938
436,295,283,268,390,122.58874336577564,127.77580141851938
437,295,283,268,390,122.58874336577564,127.77580141851938
438,295,283,268,390,122.58874336577564,127.77580141851938
439,295,283,268,390,122.58874336577564,127.77580141851938
440,295,283,268,390,122.58874336577564,127.77580141851938
441,295,283,268,390,122.58874336577564,127.77580141851938
442,295,283,268,390,122.58874336577564,127.77580141851938
443,295,283,268,390,122.58874336577564,127.77580141851938
444,295,283,268,390,122.58874336577564,127.77580141851938
445,295,283,268,390,122.58874336577564,127.77580141851938
446,294,283,268,390,122.494897852931,127.77580141851938
447,294,283,268,390,122.494897852931,127.77580141851938
448,294,283,268,390,122.494897852931,127.77580141851938
449,294,283,268,390,122.494897852931,127.77580141851938
450,294,283,267,390,123.4908903522847,127.77580141851938
451,294,283,267,390,123.4908903522847,127.77580141851938
452,294,283,267,390,123.4908903522847,127.77580141851938
453,294,283,267,390,123.4908903522847,127.77580141851938
454,294,283,267,390,123.4908903522847,127.77580141851938
455,294,283,267,390,123.4908903522847,127.77580141851938
456,294,283,267,390,123.4908903522847,127.77580141851938
457,294,283,267,390,123.4908903522847,127.77580141851938
458,294,283,267,390,123.4908903522847,127.77580141851938
459,294,283,267,390,123.4908903522847,127.77580141851938
460,294,283,267,390,123.4908903522847,127.77580141851938
461,294,283,267,390,123.4908903522847,127.77580141851938
462,294,283,267,390,123.4908903522847,127.77580141851938
463,294,283,267,390,123.4908903522847,127.77580141851938
464,294,283,267,390,123.4908903522847,127.77580141851938
465,294,283,267,390,123.4908903522847,127.77580141851938
466,294,283,267,390,123.4908903522847,127.77580141851938
467,294,283,267,390,123.4908903522847,127.77580141851938
468,294,283,267,390,123.4908903522847,127.77580141851938
469,294,283,267,390,123.4908903522847,127.77580141851938
470,294,283,267,390,123.4908903522847,127.77580141851938
471,294,283,267,390,123.4908903522847,127.77580141851938
472,294,283,267,390,123.4908903522847,127.77580141851938
473,294,283,267,390,123.4908903522847,127.77580141851938
474,294,282,267,390,123.58397954427588,127.77580141851938
475,294,282,267,390,123.58397954427588,127.77580141851938
476,294,282,267,391,124.57929201917949,127.77580141851938
477,294,282,267,391,124.57929201917949,127.77580141851938
478,294,282,268,391,123.58397954427588,127.77580141851938
479,294,282,269,391,122.58874336577564,127.77580141851938
480,294,282,269,391,122.58874336577564,127.77580141851938
481,294,282,270,392,122.58874336577564,127.77580141851938
482,294,282,270,392,122.58874336577564,127.77580141851938
483,294,282,270,392,122.58874336577564,127.77580141851938
484,293,282,270,392,122.494897852931,127.77580141851938
485,292,282,270,392,122.40914998479485,127.77580141851938
486,290,282,271,392,121.26417442921878,127.77580141851938
487,288,282,271,392,121.1486689980538,127.77580141851938
488,286,282,271,392,121.06609764917675,127.77580141851938
489,285,282,272,392,120.03749414245534,127.77580141851938
490,286,282,272,392,120.06664815842908,127.77580141851938
491,288,282,271,392,121.1486689980538,127.77580141851938
492,290,282,271,392,121.26417442921878,127.77580141851938
493,292,282,271,392,121.41251994749142,127.77580141851938
494,293,282,271,392,121.49897118905987,127.77580141851938
495,293,282,271,392,121.49897118905987,127.77580141851938
496,293,282,270,392,122.494897852931,127.77580141851938
497,293,282,270,392,122.494897852931,127.77580141851938
498,293,282,270,392,122.494897852931,127.77580141851938
499,293,282,270,392,122.494897852931,127.77580141851938
500,294,281,270,393,123.68508398347798,127.77580141851938
501,294,281,270,393,123.68508398347798,127.77580141851938
502,294,281,270,393,123.68508398347798,127.77580141851938
503,294,281,270,393,123.68508398347798,127.77580141851938
504,294,281,270,393,123.68508398347798,127.77580141851938
505,294,281,270,393,123.68508398347798,127.77580141851938
506,294,281,270,393,123.68508398347798,127.77580141851938
507,294,281,271,393,122.6906679417795,127.77580141851938
508,294,281,271,393,122.6906679417795,127.77580141851938
509,294,281,271,393,122.6906679417795,127.77580141851938
510,294,281,271,393,122.6906679417795,127.77580141851938
511,294,281,271,393,122.6906679417795,127.77580141851938
512,295,281,271,393,122.80065146407001,127.77580141851938
513,295,281,271,393,122.80065146407001,127.77580141851938
514,296,281,271,392,121.92620719107111,127.77580141851938
515,296,281,271,392,121.92620719107111,127.77580141851938
516,296,281,271,392,121.92620719107111,127.77580141851938
517,296,281,271,392,121.92620719107111,127.77580141851938
518,297,282,271,391,120.93386622447825,127.77580141851938
519,297,282,270,391,121.92620719107111,127.77580141851938
520,297,283,270,391,121.80722474467596,127.77580141851938
521,297,283,269,391,122.80065146407001,127.77580141851938
522,298,283,268,390,122.9186723000212,127.77580141851938
523,298,283,267,390,123.9112585683803,127.77580141851938
524,299,283,266,389,124.03628501370073,127.77580141851938
525,300,283,266,389,124.16923934694937,127.77580141851938
526,300,283,265,389,125.15989773086265,127.77580141851938
527,300,283,265,388,124.16923934694937,127.77580141851938
528,300,283,265,388,124.16923934694937,127.77580141851938
529,300,284,265,388,124.03628501370073,127.77580141851938
530,300,284,264,388,125.02799686470227,127.77580141851938
531,300,284,264,388,125.02799686470227,127.77580141851938
532,299,284,264,388,124.90396310766124,127.77580141851938
533,299,284,264,388,124.90396310766124,127.77580141851938
534,299,284,264,388,124.90396310766124,127.77580141851938
535,299,284,264,388,124.90396310766124,127.77580141851938
536,299,284,264,388,124.90396310766124,127.77580141851938
537,299,284,264,388,124.90396310766124,127.77580141851938
538,299,284,264,388,124.90396310766124,127.77580141851938
539,299,284,264,388,124.90396310766124,127.77580141851938
540,299,284,265,388,123.9112585683803,127.77580141851938
541,299,285,265,389,124.78781991845197,127.77580141851938
542,299,285,266,389,123.79418403139947,127.77580141851938
543,299,285,266,389,123.79418403139947,127.77580141851938
544,299,285,266,389,123.79418403139947,127.77580141851938
545,298,285,266,389,123.68508398347798,127.77580141851938
546,298,285,266,389,123.68508398347798,127.77580141851938
547,298,285,266,389,123.68508398347798,127.77580141851938
548,298,285,266,389,123.68508398347798,127.77580141851938
549,298,285,266,389,123.68508398347798,127.77580141851938
550,298,286,267,389,122.58874336577564,127.77580141851938
551,298,286,267,390,123.58397954427588,127.77580141851938
552,298,286,267,390,123.58397954427588,127.77580141851938
553,298,286,267,390,123.58397954427588,127.77580141851938
554,298,286,267,390,123.58397954427588,127.77580141851938
555,298,286,267,390,123.58397954427588,127.77580141851938
556,298,286,267,390,123.58397954427588,127.77580141851938
557,298,286,267,390,123.58397954427588,127.77580141851938
558,298,286,267,390,123.58397954427588,127.77580141851938
559,298,286,267,390,123.58397954427588,127.77580141851938
560,298,286,267,390,123.58397954427588,127.77580141851938
561,298,286,267,390,123.58397954427588,127.77580141851938
562,298,286,267,390,123.58397954427588,127.77580141851938
563,298,286,267,390,123.58397954427588,127.77580141851938
564,298,286,267,390,123.58397954427588,127.77580141851938
565,298,286,267,390,123.58397954427588,127.77580141851938
566,298,286,267,390,123.58397954427588,127.77580141851938
567,298,286,267,390,123.58397954427588,127.77580141851938
568,299,286,267,390,123.68508398347798,127.77580141851938
569,299,287,267,390,123.58397954427588,127.77580141851938
570,299,287,267,390,123.58397954427588,127.77580141851938
571,299,287,267,390,123.58397954427588,127.77580141851938
572,299,287,267,390,123.58397954427588,127.77580141851938
573,299,288,267,390,123.4908903522847,127.77580141851938
574,299,288,267,390,123.4908903522847,127.77580141851938
575,300,288,267,389,122.58874336577564,127.77580141851938
576,300,288,267,389,122.58874336577564,127.77580141851938
577,300,288,267,389,122.58874336577564,127.77580141851938
578,300,288,267,389,122.58874336577564,127.77580141851938
579,300,288,267,389,122.58874336577564,127.77580141851938
580,300,288,267,389,122.58874336577564,127.77580141851938
581,300,289,267,389,122.494897852931,127.77580141851938
582,300,289,267,389,122.494897852931,127.77580141851938
583,301,289,267,389,122.58874336577564,127.77580141851938
584,301,289,267,389,122.58874336577564,127.77580141851938
585,302,289,267,389,122.6906679417795,127.77580141851938
586,302,289,267,389,122.6906679417795,127.77580141851938
587,303,289,267,389,122.80065146407001,127.77580141851938
588,304,289,267,389,122.9186723000212,127.77580141851938
589,305,290,267,388,121.92620719107111,127.77580141851938
590,305,290,266,388,122.9186723000212,127.77580141851938
591,305,290,266,388,122.9186723000212,127.77580141851938
592,305,290,266,388,122.9186723000212,127.77580141851938
593,305,291,266,388,122.80065146407001,127.77580141851938
594,305,291,266,388,122.80065146407001,127.77580141851938
595,305,291,266,388,122.80065146407001,127.77580141851938
596,305,292,266,388,122.6906679417795,127.77580141851938
597,305,292,266,388,122.6906679417795,127.77580141851938
598,305,293,266,388,122.58874336577564,127.77580141851938
599,305,293,266,388,122.58874336577564,127.77580141851938
600,305,294,266,388,122.494897852931,127.77580141851938
601,304,295,266,388,122.3315167894194,127.77580141851938
602,304,295,265,388,123.3288287465668,127.77580141851938
603,304,296,265,388,123.25988804148737,127.77580141851938
604,304,296,265,388,123.25988804148737,127.77580141851938
605,304,297,265,388,123.1990259701756,127.77580141851938
606,303,297,265,388,123.14625451064275,127.77580141851938
607,303,298,265,388,123.10158406779338,127.77580141851938
608,302,299,265,389,124.03628501370073,127.77580141851938
609,302,300,264,389,125.01599897613104,127.77580141851938
610,303,302,264,389,125.00399993600205,127.77580141851938
611,303,304,264,390,126.00396819148197,127.77580141851938
612,304,306,264,390,126.01587201618692,127.77580141851938
613,305,309,264,391,127.06297651164952,127.77580141851938
614,305,312,264,391,127.1927670899568,127.77580141851938
615,305,314,264,392,128.3160161476345,127.77580141851938
616,305,316,264,392,128.47178678604885,127.77580141851938
617,305,319,264,392,128.76334882255898,127.77580141851938
618,305,321,264,392,128.9961239727768,127.77580141851938
619,305,323,265,393,129.2594290564522,127.77580141851938
620,305,326,265,393,129.71121771072848,127.77580141851938
621,305,330,266,393,129.43724348115578,127.77580141851938
622,304,333,266,393,130.26895255585654,127.77580141851938
623,304,337,267,393,130.24976007655445,127.77580141851938
624,303,340,267,393,131.3202193114221,127.77580141851938
625,303,344,267,393,132.5028301584536,127.77580141851938
626,303,346,268,393,132.18925826253812,127.77580141851938
627,302,349,268,393,133.5440002396214,127.77580141851938
628,302,351,268,393,134.2609399639374,127.77580141851938
629,302,354,268,392,134.46189051177288,127.77580141851938
630,302,357,268,391,134.73678042761748,127.77580141851938
631,302,361,268,390,135.51752654177244,127.77580141851938
632,302,365,268,388,135.5322839769182,127.77580141851938
633,302,368,268,386,135.20355024924456,127.77580141851938
634,303,372,268,384,134.97036711811967,127.77580141851938
635,303,375,268,382,134.8332303254654,127.77580141851938
636,303,377,268,379,133.4053971921676,127.77580141851938
637,303,378,268,376,131.48764200486676,127.77580141851938
638,303,379,268,373,129.61867149450345,127.77580141851938
639,302,381,268,371,129.80754985747168,127.77580141851938
640,302,382,268,368,128.06248474865697,127.77580141851938
641,302,384,268,366,127.7810627597063,127.77580141851938
642,302,386,268,364,127.5617497528158,127.77580141851938
643,301,388,268,362,128.08200498118384,127.77580141851938
644,301,391,267,359,128.70120434556935,127.77580141851938
645,300,393,267,357,129.41792766073794,127.77580141851938
646,299,395,266,355,130.9083648969767,127.77580141851938
647,298,396,266,353,131.04579352272242,127.77580141851938
648,297,398,266,351,132.0075755401939,127.77580141851938
649,296,399,266,349,132.2800060477773,127.77580141851938
650,296,400,265,346,131.82184947875675,127.77580141851938
651,295,401,265,344,132.20060514233663,127.77580141851938
652,295,402,265,342,131.8256424221024,127.77580141851938
653,294,403,264,339,132.31024147812596,127.77580141851938
654,294,404,264,337,132.01893803541975,127.77580141851938
655,293,405,264,335,132.60844618650805,127.77580141851938
656,293,406,264,333,132.4009063413087,127.77580141851938
657,292,407,264,331,133.09395177843356,127.77580141851938
658,292,409,264,329,133.843191832831,127.77580141851938
659,292,410,264,327,133.76471881628578,127.77580141851938
660,292,411,265,325,133.27040181525678,127.77580141851938
661,292,413,265,324,134.61797799699713,127.77580141851938
662,292,414,264,322,135.08515832614626,127.77580141851938
663,292,415,264,321,135.56548233234005,127.77580141851938
664,292,416,263,320,136.4734406395618,127.77580141851938
665,292,417,263,319,136.97079980784227,127.77580141851938
666,292,418,262,318,137.88400922514546,127.77580141851938
667,292,419,262,316,138.00362314084367,127.77580141851938
668,292,419,261,315,138.00362314084367,127.77580141851938
669,292,420,261,313,138.15932831336434,127.77580141851938
670,292,420,261,311,137.41906709041507,127.77580141851938
671,291,420,260,310,138.351002887583,127.77580141851938
672,291,420,260,309,137.99275343292487,127.77580141851938
673,291,420,260,308,137.64083696345355,127.77580141851938
674,291,420,260,307,137.2953021774598,127.77580141851938
675,291,420,260,307,137.2953021774598,127.77580141851938
676,291,420,260,306,136.95619737711763,127.77580141851938
677,291,420,261,306,136.6235704408284,127.77580141851938
678,292,420,262,305,135.02962637880623,127.77580141851938
679,292,420,263,304,134.40610105199838,127.77580141851938
680,292,420,263,304,134.40610105199838,127.77580141851938
681,292,421,263,303,135.05924625881784,127.77580141851938
682,292,421,263,303,135.05924625881784,127.77580141851938
683,292,421,263,302,134.7664646712972,127.77580141851938
684,292,421,262,302,135.05924625881784,127.77580141851938
685,291,421,261,302,136.31214179228496,127.77580141851938
686,291,421,260,302,136.61625086350452,127.77580141851938
687,291,421,260,301,136.31214179228496,127.77580141851938
688,291,421,260,301,136.31214179228496,127.77580141851938
689,292,421,260,301,135.35878250043476,127.77580141851938
690,293,421,260,301,134.40610105199838,127.77580141851938
691,294,421,260,301,133.4541119636259,127.77580141851938
692,295,421,260,301,132.5028301584536,127.77580141851938
693,295,421,260,301,132.5028301584536,127.77580141851938
694,296,421,260,301,131.55227098001768,127.77580141851938
695,296,421,260,301,131.55227098001768,127.77580141851938
696,296,421,260,301,131.55227098001768,127.77580141851938
697,296,421,260,301,131.55227098001768,127.77580141851938
698,296,421,260,301,131.55227098001768,127.77580141851938
699,297,422,260,301,131.55227098001768,127.77580141851938
700,297,422,260,301,131.55227098001768,127.77580141851938
701,297,422,261,302,131.55227098001768,127.77580141851938
702,297,422,261,302,131.55227098001768,127.77580141851938
703,297,422,261,303,131.86735759845953,127.77580141851938
704,297,422,261,303,131.86735759845953,127.77580141851938
705,297,423,261,304,133.13526955694348,127.77580141851938
706,297,423,261,305,133.46160496562297,127.77580141851938
707,297,422,261,306,132.85330255586422,127.77580141851938
708,296,422,261,306,133.79461872586654,127.77580141851938
709,295,421,261,307,134.13426109685773,127.77580141851938
710,294,421,261,308,135.41787178950938,127.77580141851938
711,294,420,262,309,134.48048185517482,127.77580141851938
712,294,420,263,310,134.48048185517482,127.77580141851938
713,294,419,264,311,133.5440002396214,127.77580141851938
714,295,419,264,312,132.9661611087573,127.77580141851938
715,295,419,264,314,133.70115930686615,127.77580141851938
716,296,419,264,315,133.15404612703287,127.77580141851938
717,296,418,264,317,133.01503674397117,127.77580141851938
718,296,418,263,319,134.23859355639868,127.77580141851938
719,295,418,263,320,135.56548233234005,127.77580141851938
720,293,417,262,321,137.32079230764728,127.77580141851938
721,292,416,262,322,137.7534028617805,127.77580141851938
722,291,415,261,323,138.63621460498698,127.77580141851938
723,291,414,261,325,138.6542462386205,127.77580141851938
724,290,413,261,326,139.11865439257238,127.77580141851938
725,290,412,261,328,139.18692467326088,127.77580141851938
726,290,410,261,331,138.92443989449805,127.77580141851938
727,290,409,261,333,139.08630414242805,127.77580141851938
728,291,408,261,336,138.97481786280562,127.77580141851938
729,291,407,262,338,138.67948658687772,127.77580141851938
730,291,407,262,341,140.34600101178515,127.77580141851938
731,291,406,263,343,140.089257261219,127.77580141851938
732,291,405,263,345,140.42791745233566,127.77580141851938
733,291,404,264,347,140.2069898400219,127.77580141851938
734,291,403,264,349,140.60227594174995,127.77580141851938
735,291,401,264,351,140.24621207005913,127.77580141851938
736,292,400,264,353,139.94641831786907,127.77580141851938
737,292,399,264,354,139.8177385026664,127.77580141851938
738,292,397,264,356,139.6030085635693,127.77580141851938
739,292,396,264,358,140.18559127100045,127.77580141851938
740,293,395,264,360,140.07141035914503,127.77580141851938
741,294,393,264,362,139.30183056945089,127.77580141851938
742,295,392,264,364,139.31618714277246,127.77580141851938
743,295,390,264,366,139.38794782907166,127.77580141851938
744,296,389,264,367,138.77319625922004,127.77580141851938
745,296,387,264,368,138.19189556555045,127.77580141851938
746,296,384,264,368,136.23509092741122,127.77580141851938
747,296,382,265,369,134.9518432626987,127.77580141851938
748,297,379,265,370,133.22537295875736,127.77580141851938
749,297,377,265,371,132.80060240827223,127.77580141851938
750,297,374,265,373,132.6386067478093,127.77580141851938
751,297,372,265,375,133.13526955694348,127.77580141851938
752,297,370,265,376,132.85330255586422,127.77580141851938
753,298,368,265,378,132.92479076530458,127.77580141851938
754,298,366,265,380,133.60014970051492,127.77580141851938
755,298,364,265,382,134.33167906342868,127.77580141851938
756,298,361,265,383,133.76471881628578,127.77580141851938
757,297,360,265,385,135.5322839769182,127.77580141851938
758,297,358,265,386,135.50645741070792,127.77580141851938
759,296,356,265,386,135.05924625881784,127.77580141851938
760,296,355,265,387,135.51752654177244,127.77580141851938
761,296,354,265,388,135.988970140964,127.77580141851938
762,296,353,265,388,135.56548233234005,127.77580141851938
763,297,351,265,389,135.2479205015737,127.77580141851938
764,297,350,265,389,134.8517704741024,127.77580141851938
765,298,349,264,389,135.00370365289984,127.77580141851938
766,298,347,264,389,134.2609399639374,127.77580141851938
767,299,346,264,389,133.5440002396214,127.77580141851938
768,299,344,264,389,132.85330255586422,127.77580141851938
769,299,342,264,390,133.13526955694348,127.77580141851938
770,299,340,264,390,132.5028301584536,127.77580141851938
771,299,339,263,390,133.15029102484155,127.77580141851938
772,299,337,263,390,132.5631924781536,127.77580141851938
773,300,335,263,390,131.73458164050928,127.77580141851938
774,300,333,262,390,132.1854757528224,127.77580141851938
775,300,331,262,390,131.70041761513136,127.77580141851938
776,300,329,262,391,132.21951444472938,127.77580141851938
777,301,326,261,391,132.38202294873727,127.77580141851938
778,301,324,261,391,132.01893803541975,127.77580141851938
779,302,322,261,391,131.52946437965906,127.77580141851938
780,302,319,260,390,131.10682667199293,127.77580141851938
781,303,317,260,390,130.75167302944922,127.77580141851938
782,303,315,260,389,129.5569372901351,127.77580141851938
783,303,313,260,389,129.38701635017324,127.77580141851938
784,303,311,260,389,129.24782396620841,127.77580141851938
785,303,309,260,389,129.1394595001853,127.77580141851938
786,303,307,260,389,129.0620006043607,127.77580141851938
787,303,305,260,389,129.0155029444136,127.77580141851938
788,303,303,260,388,128.0,127.77580141851938
789,303,301,260,388,128.01562404644207,127.77580141851938
790,303,300,260,388,128.03515142334936,127.77580141851938
791,303,298,260,388,128.09761902549164,127.77580141851938
792,303,297,260,388,128.14054783713078,127.77580141851938
793,303,296,260,387,127.1927670899568,127.77580141851938
794,303,295,260,387,127.251719045363,127.77580141851938
795,303,293,260,387,127.39309243440164,127.77580141851938
796,303,292,260,386,126.4792473095883,127.77580141851938
797,303,290,260,386,126.66885963013956,127.77580141851938
798,303,288,260,385,125.89678312014172,127.77580141851938
799,303,286,260,384,125.15989773086265,127.77580141851938
800,303,284,260,383,124.45882853377658,127.77580141851938
801,303,282,260,382,123.79418403139947,127.77580141851938
802,303,280,260,382,124.1491039033307,127.77580141851938
803,303,279,260,381,123.35720489699821,127.77580141851938
804,303,279,260,381,123.35720489699821,127.77580141851938
805,302,278,260,381,123.35720489699821,127.77580141851938
806,302,278,260,381,123.35720489699821,127.77580141851938
807,302,278,260,381,123.35720489699821,127.77580141851938
808,302,278,260,381,123.35720489699821,127.77580141851938
809,302,278,260,381,123.35720489699821,127.77580141851938
810,302,278,260,381,123.35720489699821,127.77580141851938
811,302,278,260,381,123.35720489699821,127.77580141851938
812,302,278,260,381,123.35720489699821,127.77580141851938
813,302,278,260,381,123.35720489699821,127.77580141851938
814,302,278,260,381,123.35720489699821,127.77580141851938
815,302,278,260,381,123.35720489699821,127.77580141851938
816,302,278,260,381,123.35720489699821,127.77580141851938
817,302,278,260,381,123.35720489699821,127.77580141851938
818,302,278,260,381,123.35720489699821,127.77580141851938
819,302,279,260,381,123.1665539016173,127.77580141851938
820,302,279,260,381,123.1665539016173,127.77580141851938
821,302,279,260,381,123.1665539016173,127.77580141851938
822,301,279,260,381,122.98373876248843,127.77580141851938
823,301,279,260,381,122.98373876248843,127.77580141851938
824,301,279,260,381,122.98373876248843,127.77580141851938
825,301,279,260,381,122.98373876248843,127.77580141851938
826,301,279,260,381,122.98373876248843,127.77580141851938
827,301,279,260,381,122.98373876248843,127.77580141851938
828,301,279,260,382,123.96773773849388,127.77580141851938
829,301,279,260,382,123.96773773849388,127.77580141851938
830,301,279,260,382,123.96773773849388,127.77580141851938
831,301,279,260,382,123.96773773849388,127.77580141851938
832,301,280,260,382,123.79418403139947,127.77580141851938
833,301,280,260,382,123.79418403139947,127.77580141851938
834,301,280,260,382,123.79418403139947,127.77580141851938
835,301,280,260,382,123.79418403139947,127.77580141851938
836,300,280,260,382,123.62847568420473,127.77580141851938
837,300,280,260,382,123.62847568420473,127.77580141851938
838,300,280,260,382,123.62847568420473,127.77580141851938
839,300,280,260,382,123.62847568420473,127.77580141851938
840,300,280,260,382,123.62847568420473,127.77580141851938
841,300,280,260,382,123.62847568420473,127.77580141851938
842,300,280,260,382,123.62847568420473,127.77580141851938
843,300,280,260,382,123.62847568420473,127.77580141851938
844,300,280,260,382,123.62847568420473,127.77580141851938
845,300,280,260,382,123.62847568420473,127.77580141851938
846,300,280,260,382,123.62847568420473,127.77580141851938
847,300,280,260,382,123.62847568420473,127.77580141851938
848,300,280,260,382,123.62847568420473,127.77580141851938
849,300,280,260,382,123.62847568420473,127.77580141851938
850,300,280,260,382,123.62847568420473,127.77580141851938
851,300,280,260,382,123.62847568420473,127.77580141851938
852,300,280,260,382,123.62847568420473,127.77580141851938
853,300,280,260,383,124.61540835707277,127.77580141851938
854,300,280,260,383,124.61540835707277,127.77580141851938
855,300,280,260,383,124.61540835707277,127.77580141851938
856,300,280,260,383,124.61540835707277,127.77580141851938
857,300,280,260,383,124.61540835707277,127.77580141851938
858,300,280,260,383,124.61540835707277,127.77580141851938
859,300,280,260,383,124.61540835707277,127.77580141851938
860,300,280,260,383,124.61540835707277,127.77580141851938
861,300,280,260,383,124.61540835707277,127.77580141851938
862,300,280,260,383,124.61540835707277,127.77580141851938
863,300,280,259,383,125.60254774486066,127.77580141851938
864,300,280,259,383,125.60254774486066,127.77580141851938
865,300,280,259,383,125.60254774486066,127.77580141851938
866,300,280,259,383,125.60254774486066,127.77580141851938
867,300,280,259,383,125.60254774486066,127.77580141851938
868,300,280,259,384,126.58988901172162,127.77580141851938
869,300,280,259,384,126.58988901172162,127.77580141851938
870,300,280,259,384,126.58988901172162,127.77580141851938
871,300,281,259,384,126.43575443678897,127.77580141851938
872,300,281,259,384,126.43575443678897,127.77580141851938
873,300,281,259,384,126.43575443678897,127.77580141851938
874,300,281,259,384,126.43575443678897,127.77580141851938
